museum_id	twitter_action	facebook_action	correct_twitter	correct_facebook
mm.misc.139	drop	drop		
mm.wiki.114	drop	drop		
mm.New.12	drop	drop		
mm.domus.WA074	drop	drop		
mm.domus.WA009	drop	drop		
mm.mald.015	drop	drop		
mm.aim.0560	drop	drop		
mm.musa.344	drop	drop		
mm.ace.1137	drop	drop		
mm.domus.SE368	drop	drop		
mm.domus.SC252	drop	drop		
mm.domus.WM101	drop	drop		
mm.ace.042	drop	drop		
mm.domus.NI014	drop	drop		
mm.wiki.152	drop	drop		
mm.ace.1120	drop	drop		
mm.domus.NI036	drop	drop		
mm.nimc.043	drop	drop		
mm.domus.SC162	drop	drop		
mm.domus.YH122	drop	drop		
mm.domus.WA003	drop	update		https://www.facebook.com/MonLife.co.uk
mm.domus.YH077	drop	drop		
mm.domus.YH123	update	drop	https://twitter.com/WFMuseums	
mm.domus.WM080	drop	drop		
mm.domus.WA042	drop	drop		
mm.domus.SE079	drop	drop		
mm.domus.WM108	update	drop	https://twitter.com/archandheritage	
mm.domus.SE209	drop	drop		
mm.domus.SE483	drop	drop		
mm.musa.230	drop	drop		
mm.wiki.240	drop	update		https://www.facebook.com/FriendsOfTheLythamStAnnesArtCollection/
mm.misc.142	drop	drop		
mm.domus.WA045	drop	drop		
mm.ace.1246	keep	keep		
mm.domus.NW093	drop	drop		
mm.domus.NE069	drop	drop		
mm.domus.WM035	drop	drop		
mm.misc.104	drop	drop		
mm.domus.EM013	update	drop	https://twitter.com/AyscoughfeeHall	
mm.domus.SE008	drop	drop		
mm.ace.685	keep	keep		
mm.domus.SC222	drop	drop		
mm.domus.SE566	keep	keep		
mm.domus.SE316	drop	drop		
mm.aim.1093	drop	drop		
mm.wiki.131	drop	drop		
mm.domus.SW131	keep	keep		
mm.mgs.303	drop	drop		
mm.mgs.362	keep	keep		
mm.domus.SE067	keep	keep		
mm.domus.WA071	drop	drop		
mm.musa.268	drop	drop		
mm.musa.129	drop	drop		
mm.hha.014	keep	keep		
mm.domus.SE101	keep	keep		
mm.domus.SE033	keep	keep		
mm.domus.SE148	drop	drop		
mm.ace.1096	drop	drop		
mm.musa.252	drop	drop		
mm.domus.NW052	drop	drop		
mm.domus.YH149	keep	keep		
mm.domus.SE093	keep	keep		
mm.wiki.448	drop	drop		
mm.domus.YH162	drop	drop		
mm.nimc.038	drop	drop		
mm.domus.NW057	drop	drop		
mm.domus.NW134	keep	keep		
mm.domus.SC062	drop	drop		
mm.ace.1250	drop	drop		
mm.domus.SC050	keep	keep		
mm.musa.386	keep	keep		
mm.wiki.438	drop	drop		
mm.musa.130	keep	keep		
mm.misc.246	keep	keep		
mm.domus.NI027	drop	drop		
mm.misc.238	keep	keep		
mm.ace.516	keep	drop		
mm.domus.WA030	keep	keep		
mm.wiki.452	drop	drop		
mm.domus.WM025	drop	drop		
mm.mald.082	drop	drop		
mm.domus.SE341	update	update	https://twitter.com/NHRMuseum	https://www.facebook.com/NHRMuseum
mm.domus.NW011	drop	drop		
mm.domus.SC253	drop	drop		
mm.domus.NW148	keep	drop		
mm.New.108	keep	keep		
mm.hha.054	drop	drop		
mm.New.24	drop	drop		
mm.domus.WA022	keep	drop		
mm.domus.SW070	keep	keep		
mm.domus.YH043	keep	keep		
mm.mald.081	drop	drop		
mm.domus.WM111	keep	keep		
mm.domus.WA007	drop	drop		
mm.domus.SW065	keep	keep		
mm.domus.WA050	keep	keep		
mm.domus.EM106	keep	drop		
mm.domus.SE564	keep	drop		
mm.aim82NM.096	drop	drop		
mm.domus.SW066	drop	update		https://www.facebook.com/TheFolkofGloucester
mm.mgs.406	keep	drop		
mm.domus.NW181	keep	keep		
mm.ace.1200	keep	keep		
mm.domus.EM042	keep	drop		
mm.domus.NW192	keep	drop		
mm.musa.153	keep	keep		
mm.musa.031	keep	keep		
mm.domus.NW062	keep	drop		
mm.domus.SW035	keep	keep		
mm.aim.0304	keep	drop		
mm.aim.1006	keep	keep		
mm.MDN.025	keep	drop		
mm.domus.SE353	keep	drop		
mm.domus.SC239	drop	drop		
mm.mgs.044	drop	update		https://www.facebook.com/barraheritage/
mm.misc.066	drop	drop		
mm.aim.0579	keep	drop		
mm.New.141	drop	update		https://www.facebook.com/duncanedwardsfoundation/
mm.misc.193	keep	drop		
mm.musa.012	keep	drop		
mm.fcm.276	drop	drop		
mm.mgs.372	keep	drop		
mm.aim.0753	keep	keep		
mm.domus.EM063	keep	keep		
mm.domus.EM067	keep	keep		
mm.mgs.418	update	update	https://twitter.com/ForresHeritage	https://www.facebook.com/forresheritage/
mm.domus.NW069	update	update	https://twitter.com/WeaversTriangle	https://www.facebook.com/theweaverstriangle/
mm.domus.NW045	drop	drop		
mm.domus.SE358	drop	drop		
mm.mald.090	drop	drop		
mm.domus.SE051	keep	keep		
mm.domus.WM056	update	update	https://twitter.com/davythecanary	https://www.facebook.com/MuseumofCannockChase/
mm.misc.105	drop	drop		
mm.musa.140	drop	update		['https://www.facebook.com/Foresters-Heritage-Trust-1694453993970202']
mm.domus.SW148	update	update	https://twitter.com/WMusuem	https://www.facebook.com/login/?next=https%3A%2F%2Fwww.facebook.com%2FWinchcombeTownHall
mm.musa.220	drop	drop		
mm.domus.SE054	keep	keep		
mm.wiki.266	drop	drop		
mm.domus.SC283	keep	keep		
mm.musa.387	drop	drop		
mm.domus.SC244	keep	keep		
mm.domus.SC243	keep	keep		
mm.domus.NE041	drop	drop		
mm.domus.SE083	drop	drop		
mm.domus.SE589	keep	update		https://www.facebook.com/EssexCollection
mm.New.41	drop	drop		
mm.aim.0167	update	update	https://twitter.com/staithes_museum?lang=it	https://www.facebook.com/groups/724856611301129/
mm.domus.SE168	keep	keep		
mm.musa.290	keep	keep		
mm.wiki.059	keep	keep		
mm.domus.SC277	update	keep	['www.twitter.com/InvMAG']	
mm.ace.1241	drop	drop		
mm.domus.SC208	drop	drop		
mm.aim.0213	keep	keep		
mm.domus.WA102	drop	drop		
mm.hha.001	keep	keep		
mm.domus.SE088	keep	keep		
mm.domus.EM081	keep	keep		
mm.domus.NW182	keep	keep		
mm.musa.305	keep	keep		
mm.New.31	keep	keep		
mm.domus.SE511	keep	keep		
mm.domus.SE125	drop	drop		
mm.domus.SE337	keep	keep		
mm.domus.WM038	keep	keep		
mm.domus.SW088	keep	keep		
mm.wiki.123	keep	keep		
mm.domus.SE003	keep	keep		
mm.domus.SE377	keep	keep		
mm.domus.NW109	keep	keep		
mm.domus.WA072	keep	keep		
mm.New.118	keep	keep		
mm.domus.SE040	keep	keep		
mm.domus.WA035	keep	keep		
mm.ace.1164	keep	keep		
mm.domus.WM029	keep	keep		
mm.domus.NE020	keep	keep		
mm.hha.146	keep	keep		
mm.domus.SW105	keep	keep		
mm.ace.1198	keep	keep		
mm.wiki.187	keep	keep		
mm.domus.NW058	keep	keep		
mm.wiki.225	keep	keep		
mm.musa.096	keep	keep		
mm.ace.1197	keep	keep		
mm.domus.SE444	keep	keep		
mm.domus.NW099	keep	keep		
mm.misc.120	keep	keep		
mm.hha.077	keep	keep		
mm.aim.1161	keep	keep		
mm.domus.NE004	keep	keep		
mm.domus.NW014	keep	keep		
mm.ace.1134	keep	keep		
mm.ace.1165	keep	keep		
mm.domus.SC014	keep	keep		
mm.domus.SE205	keep	keep		
mm.domus.SE312	keep	keep		
mm.domus.YH070	keep	keep		
mm.domus.NE011	keep	keep		
mm.aim.1246	keep	keep		
mm.musa.356	keep	keep		
mm.domus.SE351	keep	keep		
mm.domus.WM123	keep	keep		
mm.mgs.286	keep	keep		
mm.mgs.285	keep	keep		
mm.domus.YH046	keep	keep		
mm.domus.YH029	keep	keep		
mm.wiki.248	keep	keep		
mm.wiki.261	keep	keep		
mm.wiki.311	keep	keep		
mm.domus.SE272	keep	keep		
mm.domus.EM076	keep	keep		
mm.domus.SE597	keep	keep		
mm.domus.NE005	keep	keep		
mm.domus.WA002	keep	keep		
mm.musa.229	keep	keep		
mm.domus.SE285	keep	keep		
mm.domus.WM058	keep	keep		
mm.domus.SC184	keep	keep		
mm.domus.WA099	keep	keep		
mm.domus.WM024	keep	keep		
mm.domus.NW046	keep	keep		
mm.wiki.267	keep	keep		
mm.misc.253	keep	keep		
mm.aim82NM.010	keep	keep		
mm.domus.WM081	keep	keep		
mm.hha.148	keep	keep		
mm.MDN.026	keep	keep		
mm.mgs.315	keep	keep		
mm.domus.SE113	keep	keep		
mm.domus.SC083	keep	keep		
mm.domus.NW147	keep	keep		
mm.domus.SE259	keep	keep		
mm.domus.WA049	keep	keep		
mm.domus.SW123	keep	keep		
mm.domus.EM025	keep	keep		
mm.domus.EM058	keep	keep		
mm.domus.SW121	keep	keep		
mm.domus.SE330	keep	keep		
mm.domus.SE356	keep	keep		
mm.domus.NE052	keep	keep		
mm.domus.WA062	keep	keep		
mm.domus.NW026	keep	keep		
mm.domus.EM033	keep	keep		
mm.domus.SW005	keep	keep		
mm.musa.126	keep	keep		
mm.musa.260	keep	keep		
mm.domus.SC076	keep	keep		
mm.ace.399	keep	keep		
mm.New.80	keep	keep		
mm.domus.NE038	keep	keep		
mm.domus.SE191	keep	keep		
mm.wiki.503	keep	drop		
mm.wiki.272	keep	update		https://www.facebook.com/bradfordmuseums
mm.domus.NW085	keep	keep		
mm.domus.YH035	keep	drop		
mm.musa.006	drop	drop		
mm.mgs.323	update	keep	https://twitter.com/rcpsgheritage	
mm.domus.SE015	keep	keep		
mm.ace.1278	keep	keep		
mm.domus.NW143	drop	drop		
mm.domus.SE583	drop	drop		
mm.musa.368	keep	keep		
mm.mgs.006	keep	drop		
mm.domus.SE392	keep	keep		
mm.ace.1292	drop	drop		
mm.domus.WA085	drop	keep		
mm.domus.SE388	drop	drop		
mm.domus.YH133	keep	keep		
mm.domus.SE210	keep	keep		
mm.domus.SE094	keep	keep		
mm.domus.SE097	keep	keep		
mm.domus.SW031	keep	keep		
mm.aim.0535	keep	keep		
mm.domus.NW020	keep	keep		
mm.aim.1206	keep	keep		
mm.domus.WM054	keep	keep		
mm.domus.YH080	keep	keep		
mm.domus.NW098	keep	keep		
mm.aim.0603	keep	keep		
mm.domus.NW053	keep	keep		
mm.domus.SE333	keep	keep		
mm.domus.EM034	keep	keep		
mm.domus.SE393	keep	keep		
mm.domus.SE375	keep	keep		
mm.domus.SE080	keep	keep		
mm.domus.SE071	keep	keep		
mm.aim.0900	keep	keep		
mm.domus.YH055	keep	keep		
mm.fcm.027	keep	keep		
mm.ace.1180	keep	keep		
mm.domus.SE048	keep	keep		
mm.wiki.157	keep	keep		
mm.domus.YH137	keep	keep		
mm.domus.SE211	keep	keep		
mm.domus.SE213	keep	keep		
mm.ace.1129	keep	keep		
mm.domus.NW118	keep	keep		
mm.domus.SE096	keep	keep		
mm.aim.0269	keep	keep		
mm.domus.NI017	keep	keep		
mm.domus.WM120	keep	keep		
mm.domus.YH060	keep	keep		
mm.domus.SE081	keep	keep		
mm.musa.037	keep	keep		
mm.domus.NW021	keep	keep		
mm.domus.SE405	keep	keep		
mm.domus.WM060	keep	keep		
mm.domus.SE159	keep	keep		
mm.domus.NW072	keep	keep		
mm.domus.SC130	keep	keep		
mm.domus.SW128	keep	keep		
mm.domus.SE373	keep	keep		
mm.domus.NW139	keep	keep		
mm.domus.SC188	keep	keep		
mm.domus.SC031	keep	keep		
mm.ace.1159	keep	keep		
mm.ace.380	keep	keep		
mm.domus.EM088	keep	keep		
mm.domus.YH072	keep	keep		
mm.domus.YH097	keep	keep		
mm.domus.SC228	keep	keep		
mm.domus.SE158	keep	keep		
mm.domus.SC094	keep	keep		
mm.domus.NE026	keep	keep		
mm.New.37	keep	keep		
mm.mgs.400	keep	keep		
mm.misc.068	keep	keep		
mm.domus.EM027	keep	keep		
mm.ace.324	keep	keep		
mm.domus.YH052	keep	keep		
mm.aim.0803	keep	keep		
mm.ace.1189	keep	keep		
mm.domus.SE386	keep	keep		
mm.hha.063	keep	keep		
mm.domus.NE066	keep	keep		
mm.aim.1312	keep	keep		
mm.misc.062	keep	keep		
mm.New.15	keep	keep		
mm.New.50	keep	keep		
mm.ace.1221	keep	keep		
mm.hha.127	keep	keep		
mm.domus.SW072	keep	keep		
mm.domus.SW139	keep	keep		
mm.domus.SE412	keep	keep		
mm.domus.EM073	keep	keep		
mm.wiki.399	keep	keep		
mm.domus.SW122	keep	keep		
mm.domus.SW124	keep	keep		
mm.aim.0400	keep	keep		
mm.musa.258	keep	keep		
mm.domus.YH083	keep	keep		
mm.musa.074	keep	keep		
mm.hha.154	keep	keep		
mm.domus.SW150	keep	keep		
mm.wiki.457	keep	keep		
mm.hha.142	keep	keep		
mm.hha.175	keep	keep		
mm.musa.376	keep	keep		
mm.misc.235	keep	keep		
mm.fcm.148	keep	keep		
mm.hha.192	keep	keep		
mm.domus.YH005	keep	keep		
mm.domus.EM098	keep	keep		
mm.wiki.169	keep	keep		
mm.misc.119	keep	keep		
mm.wiki.191	keep	keep		
mm.domus.NW059	keep	keep		
mm.wiki.401	keep	keep		
mm.aim.0503	keep	keep		
mm.domus.SE310	keep	keep		
mm.domus.YH093	keep	keep		
mm.hha.065	keep	keep		
mm.aim.1097	keep	keep		
mm.domus.SC140	keep	keep		
mm.domus.YH136	update	keep	https://twitter.com/Tate_StIves	
mm.domus.NW165	drop	keep		
mm.misc.250	keep	keep		
mm.wiki.008	drop	drop		
mm.domus.SE507	keep	keep		
mm.aim82M.015	drop	drop		
mm.domus.SE073	keep	keep		
mm.domus.SE309	keep	update		['www.facebook.com/iwm.london']
mm.domus.EM001	keep	keep		
mm.New.9	keep	keep		
mm.New.11	keep	keep		
mm.ace.1131	update	update	https://twitter.com/abingtonmuseum	https://www.facebook.com/AbingtonMuseum
mm.ace.569	keep	keep		
mm.domus.YH099	keep	keep		
mm.musa.299	keep	keep		
mm.aim.1318	keep	keep		
mm.domus.YH146	keep	keep		
mm.domus.WA004	keep	keep		
mm.misc.007	keep	keep		
mm.wiki.170	keep	keep		
mm.wiki.221	keep	keep		
mm.ace.164	keep	keep		
mm.domus.SE602	keep	keep		
mm.domus.SE504	keep	keep		
mm.wiki.274	keep	keep		
mm.musa.373	keep	keep		
mm.domus.NW114	keep	keep		
mm.aim.1023	keep	keep		
mm.domus.SC225	keep	keep		
mm.domus.EM078	keep	keep		
mm.aim.0600	keep	keep		
mm.domus.SE160	keep	keep		
mm.domus.SE161	keep	keep		
mm.New.43	keep	keep		
mm.domus.SE042	keep	keep		
mm.domus.SE232	keep	keep		
mm.mgs.325	keep	keep		
mm.domus.SC002	keep	keep		
mm.domus.SC003	keep	keep		
mm.musa.145	keep	keep		
mm.musa.164	keep	keep		
mm.aim.0606	keep	keep		
mm.domus.SE235	keep	keep		
mm.domus.WM068	keep	keep		
mm.aim.0818	keep	keep		
mm.domus.SW169	keep	keep		
mm.aim.0639	keep	keep		
mm.domus.NW136	keep	keep		
mm.domus.WM082	keep	keep		
mm.aim.0405	keep	keep		
mm.domus.WM037	keep	keep		
mm.musa.388	keep	keep		
mm.mgs.346	keep	keep		
mm.misc.145	keep	keep		
mm.domus.SE274	keep	keep		
mm.domus.SW132	keep	keep		
mm.domus.WM088	keep	keep		
mm.domus.SW042	keep	keep		
mm.ace.1092	keep	keep		
mm.domus.SE381	keep	keep		
mm.domus.WA006	keep	keep		
mm.domus.SW107	keep	keep		
mm.domus.NW007	keep	keep		
mm.domus.SC264	keep	keep		
mm.domus.SC265	keep	keep		
mm.domus.SE539	keep	keep		
mm.mgs.348	keep	keep		
mm.New.98	keep	keep		
mm.wiki.192	keep	keep		
mm.domus.SC187	keep	keep		
mm.domus.SE558	keep	keep		
mm.domus.SE277	keep	keep		
mm.domus.NW088	keep	keep		
mm.domus.WA034	keep	keep		
mm.domus.SE506	keep	keep		
mm.domus.SW021	keep	keep		
mm.aim.0907	keep	keep		
mm.aim.0983	keep	keep		
mm.domus.SC182	keep	keep		
mm.domus.SW104	keep	keep		
mm.domus.SE182	keep	keep		
mm.aim.0054	keep	keep		
mm.domus.SE531	keep	keep		
mm.domus.WM140	keep	keep		
mm.New.71	keep	keep		
mm.domus.YH079	keep	keep		
mm.mald.079	keep	keep		
mm.wiki.431	keep	keep		
mm.domus.SW018	keep	keep		
mm.domus.WA016	keep	keep		
mm.domus.SE236	keep	keep		
mm.domus.NE008	keep	keep		
mm.domus.SE224	keep	keep		
mm.hha.082	keep	keep		
mm.domus.WM134	keep	keep		
mm.domus.NE048	keep	keep		
mm.nimc.006	keep	keep		
mm.domus.SE050	keep	keep		
mm.domus.SC013	keep	keep		
mm.misc.254	keep	keep		
mm.wiki.219	keep	keep		
mm.ace.1147	keep	keep		
mm.domus.EM009	keep	keep		
mm.domus.SW143	keep	keep		
mm.hha.131	keep	keep		
mm.domus.WA031	keep	keep		
mm.musa.274	keep	keep		
mm.domus.NW065	keep	keep		
mm.domus.SC178	keep	keep		
mm.ace.1133	keep	keep		
mm.domus.SW203	keep	keep		
mm.MDN.017	keep	keep		
mm.domus.WA039	keep	keep		
mm.domus.EM051	keep	keep		
mm.ace.436	keep	keep		
mm.domus.WM086	keep	keep		
mm.domus.WM110	keep	keep		
mm.hha.069	keep	keep		
mm.domus.SE315	keep	keep		
mm.New.35	keep	keep		
mm.domus.SE606	keep	keep		
mm.wiki.153	keep	keep		
mm.domus.WA091	keep	keep		
mm.domus.WA065	keep	keep		
mm.New.70	update	update	https://twitter.com/The_Beaney	https://www.facebook.com/thebeaney
mm.domus.WA086	keep	keep		
mm.New.73	drop	drop		
mm.domus.SE038	drop	drop		
mm.mgs.301	drop	drop		
mm.domus.NW145	keep	keep		
mm.domus.SE063	drop	drop		
mm.domus.SE179	keep	keep		
mm.aim.0817	drop	drop		
mm.musa.112	drop	drop		
mm.musa.379	keep	keep		
mm.MDN.012	keep	keep		
mm.misc.126	keep	keep		
mm.domus.NW008	keep	keep		
mm.domus.WM065	keep	keep		
mm.domus.SW127	keep	keep		
mm.domus.EM057	keep	keep		
mm.domus.SE573	keep	keep		
mm.ace.1274	keep	keep		
mm.domus.SE022	keep	keep		
mm.domus.NW144	keep	keep		
mm.domus.SC144	keep	keep		
mm.aim.0596	keep	keep		
mm.musa.099	keep	keep		
mm.New.75	keep	keep		
mm.wiki.093	keep	keep		
mm.hha.164	keep	keep		
mm.mald.154	keep	keep		
mm.domus.SW049	keep	keep		
mm.domus.SW170	keep	keep		
mm.domus.SE143	keep	keep		
mm.domus.SW100	keep	keep		
mm.domus.SE364	keep	keep		
mm.domus.SW211	keep	keep		
mm.musa.297	keep	keep		
mm.domus.SC232	keep	keep		
mm.ace.1173	keep	keep		
mm.ace.1135	keep	keep		
mm.New.1	keep	keep		
mm.domus.SE241	keep	keep		
mm.domus.NE054	keep	keep		
mm.domus.SC096	keep	keep		
mm.domus.NE028	keep	keep		
mm.domus.NW180	keep	keep		
mm.domus.SE496	keep	keep		
mm.domus.SE016	keep	keep		
mm.ace.1111	keep	keep		
mm.domus.YH003	keep	keep		
mm.aim.1131	keep	keep		
mm.domus.SE001	keep	keep		
mm.New.159	keep	keep		
mm.domus.SE415	keep	keep		
mm.domus.NW170	keep	keep		
mm.domus.WM090	keep	keep		
mm.domus.SE036	keep	keep		
mm.domus.NE064	keep	keep		
mm.domus.NI016	keep	keep		
mm.domus.NW100	keep	keep		
mm.domus.YH009	keep	keep		
mm.domus.NE073	keep	keep		
mm.domus.SW133	keep	keep		
mm.aim.0280	keep	keep		
mm.domus.YH007	keep	keep		
mm.domus.SC255	keep	keep		
mm.domus.SE473	keep	keep		
mm.aim.1329	keep	keep		
mm.wiki.332	keep	keep		
mm.domus.SW199	keep	keep		
mm.domus.SC196	keep	keep		
mm.domus.NW121	keep	keep		
mm.domus.SE562	keep	keep		
mm.domus.SE570	keep	keep		
mm.musa.276	keep	keep		
mm.domus.SE260	keep	keep		
mm.hha.038	keep	keep		
mm.New.166	keep	keep		
mm.domus.WM005	keep	keep		
mm.domus.NE032	keep	keep		
mm.ace.1086	keep	keep		
mm.domus.SE423	keep	keep		
mm.domus.NW138	keep	keep		
mm.hha.009	keep	keep		
mm.domus.EM083	keep	keep		
mm.misc.076	keep	keep		
mm.domus.SC169	keep	keep		
mm.domus.YH157	keep	keep		
mm.mgs.367	keep	keep		
mm.domus.SE252	keep	keep		
mm.domus.SE383	keep	keep		
mm.hha.076	keep	keep		
mm.mgs.368	keep	keep		
mm.domus.SW118	keep	keep		
mm.hha.153	keep	keep		
mm.domus.SE345	keep	keep		
mm.MDN.019	keep	keep		
mm.domus.SW064	keep	keep		
mm.ace.1181	keep	keep		
mm.domus.NW002	keep	keep		
mm.misc.092	keep	keep		
mm.aim.0555	keep	keep		
mm.fcm.090	keep	keep		
mm.aim.0287	keep	keep		
mm.domus.SE183	keep	keep		
mm.ace.1237	keep	keep		
mm.domus.SW110	keep	keep		
mm.domus.SE058	keep	keep		
mm.domus.SW187	keep	keep		
mm.domus.EM015	keep	keep		
mm.aim.0797	keep	keep		
mm.musa.322	keep	keep		
mm.wiki.129	keep	keep		
mm.domus.YH131	keep	keep		
mm.domus.SE171	keep	keep		
mm.aim.1308	keep	keep		
mm.ace.1251	keep	keep		
mm.aim.0160	keep	keep		
mm.ace.1222	keep	keep		
mm.aim.1136	keep	keep		
mm.ace.1106	keep	keep		
mm.mald.001	keep	keep		
mm.domus.YH006	keep	keep		
mm.aim.1300	keep	keep		
mm.domus.SE563	keep	keep		
mm.ace.1245	keep	keep		
mm.wiki.168	keep	keep		
mm.domus.SW200	keep	keep		
mm.musa.092	keep	keep		
mm.wiki.322	keep	keep		
mm.musa.035	keep	keep		
mm.domus.WM063	keep	keep		
mm.aim.0581	drop	drop		
mm.misc.012	drop	drop		
mm.musa.293	keep	keep		
mm.domus.SC175	keep	keep		
mm.musa.321	keep	keep		
mm.New.103	keep	keep		
mm.domus.YH096	keep	keep		
mm.musa.289	keep	keep		
mm.domus.NE016	keep	keep		
mm.domus.SE394	keep	keep		
mm.domus.YH094	keep	keep		
mm.domus.WM010	keep	keep		
mm.musa.016	keep	keep		
mm.domus.SC181	keep	keep		
mm.domus.SE449	keep	keep		
mm.domus.SE370	keep	keep		
mm.domus.SW084	keep	keep		
mm.domus.NW101	keep	keep		
mm.hha.017	keep	keep		
mm.domus.NW169	keep	keep		
mm.mgs.313	keep	keep		
mm.aim.1182	keep	keep		
mm.domus.SE195	keep	keep		
mm.domus.SE246	keep	keep		
mm.domus.SE492	keep	keep		
mm.domus.SW151	keep	keep		
mm.hha.121	keep	keep		
mm.New.66	keep	keep		
mm.domus.SC073	keep	keep		
mm.hha.033	keep	keep		
mm.aim.0778	keep	keep		
mm.domus.WM072	keep	keep		
mm.domus.WM042	keep	keep		
mm.aim.1203	keep	keep		
mm.wiki.041	keep	keep		
mm.wiki.160	keep	keep		
mm.domus.SW052	keep	keep		
mm.New.40	keep	keep		
mm.domus.EM047	keep	keep		
mm.domus.SE060	keep	keep		
mm.ace.1104	keep	keep		
mm.domus.SE032	keep	keep		
mm.domus.NW056	keep	keep		
mm.aim.1353	keep	keep		
mm.domus.YH103	keep	keep		
mm.domus.YH002	keep	keep		
mm.domus.SE538	keep	keep		
mm.domus.SW237	keep	keep		
mm.domus.YH156	keep	keep		
mm.domus.WM013	keep	keep		
mm.wiki.264	keep	keep		
mm.domus.EM018	keep	keep		
mm.fcm.045	keep	keep		
mm.misc.234	keep	keep		
mm.domus.SE545	keep	keep		
mm.domus.NW096	keep	keep		
mm.musa.100	keep	keep		
mm.domus.SC303	keep	keep		
mm.MDN.016	keep	keep		
mm.domus.NW103	keep	keep		
mm.aim.0057	keep	keep		
mm.aim.0710	keep	keep		
mm.ace.1220	keep	keep		
mm.fcm.186	keep	keep		
mm.domus.SE005	keep	keep		
mm.wiki.141	keep	keep		
mm.domus.SC038	keep	keep		
mm.domus.WA078	keep	keep		
mm.ace.1168	keep	keep		
mm.domus.NW060	keep	keep		
mm.domus.NE030	keep	keep		
mm.mald.110	keep	keep		
mm.aim.0678	keep	keep		
mm.domus.SW231	keep	keep		
mm.domus.SE002	keep	keep		
mm.domus.WA052	keep	keep		
mm.domus.NE076	keep	keep		
mm.ace.1174	keep	keep		
mm.hha.173	keep	keep		
mm.domus.EM059	keep	keep		
mm.domus.SC113	keep	keep		
mm.domus.SW201	keep	keep		
mm.fcm.144	keep	keep		
mm.domus.SW137	keep	keep		
mm.domus.NI015	keep	keep		
mm.mgs.356	keep	keep		
mm.domus.NE031	keep	keep		
mm.domus.SE326	keep	keep		
mm.aim.0671	keep	keep		
mm.hha.045	keep	keep		
mm.New.59	keep	keep		
mm.hha.144	keep	keep		
mm.hha.074	keep	keep		
mm.hha.169	keep	keep		
mm.wiki.027	keep	keep		
mm.domus.SW036	keep	keep		
mm.fcm.239	keep	keep		
mm.domus.SC269	keep	keep		
mm.domus.NE029	keep	keep		
mm.mald.080	keep	keep		
mm.domus.SE331	keep	keep		
mm.wiki.054	keep	keep		
mm.domus.NI019	keep	keep		
mm.domus.SE404	keep	keep		
mm.ace.504	keep	keep		
mm.MDN.020	keep	keep		
mm.hha.071	keep	keep		
mm.ace.1229	keep	keep		
mm.wiki.444	keep	keep		
mm.musa.158	keep	keep		
mm.domus.SE254	keep	keep		
mm.domus.SE255	keep	keep		
mm.domus.EM035	keep	keep		
mm.aim.0858	keep	keep		
mm.domus.EM095	keep	keep		
mm.domus.NI029	keep	keep		
mm.fcm.051	keep	keep		
mm.aim82NM.046	keep	keep		
mm.domus.SW179	keep	keep		
mm.domus.SC137	keep	keep		
mm.domus.NI024	keep	keep		
mm.nimc.007	keep	keep		
mm.New.20	keep	keep		
mm.domus.YH048	keep	keep		
mm.domus.SE150	drop	update		https://www.facebook.com/pages/Royal%20Logistic%20Corps%20Museum/147631758587261/
mm.domus.NW094	drop	update		https://www.facebook.com/pg/SouthRibbleMuseumandExhibitionCentre/community/?ref=page_internal
mm.wiki.164	drop	drop		
mm.domus.SE269	keep	keep		
mm.domus.SE021	keep	keep		
mm.domus.NW070	drop	update		['https://www.facebook.com/StonehengeEnglishHeritage/']
mm.domus.SE290	drop	drop		
mm.hha.066	drop	drop		
mm.domus.NW113	keep	keep		
mm.domus.NW164	keep	keep		
mm.domus.SC314	keep	keep		
mm.domus.SW007	keep	keep		
mm.ace.1160	keep	keep		
mm.wiki.422	keep	keep		
mm.fcm.073	keep	keep		
mm.domus.WA093	keep	keep		
mm.domus.NW153	keep	keep		
mm.domus.SE585	keep	keep		
mm.domus.SE140	keep	keep		
mm.ace.1146	keep	keep		
mm.domus.EM016	keep	keep		
mm.mgs.345	keep	keep		
mm.musa.010	keep	keep		
mm.domus.SE065	keep	keep		
mm.domus.SE360	keep	keep		
mm.misc.229	keep	keep		
mm.domus.WM094	keep	keep		
mm.wiki.100	keep	keep		
mm.musa.361	keep	keep		
mm.aim.1189	keep	keep		
mm.domus.WM066	keep	keep		
mm.domus.NE033	keep	keep		
mm.domus.SE455	keep	keep		
mm.domus.SE454	keep	keep		
mm.domus.SE319	keep	keep		
mm.hha.048	keep	keep		
mm.ace.1257	keep	keep		
mm.domus.EM010	keep	keep		
mm.domus.EM086	keep	keep		
mm.domus.YH021	keep	keep		
mm.domus.SW050	keep	keep		
mm.domus.SW028	keep	keep		
mm.domus.SE543	keep	keep		
mm.ace.1253	keep	keep		
mm.aim.0300	keep	keep		
mm.domus.SE549	keep	keep		
mm.domus.SE018	keep	keep		
mm.domus.NW004	keep	keep		
mm.domus.SE374	keep	keep		
mm.aim.1051	keep	keep		
mm.wiki.110	keep	keep		
mm.MDN.018	keep	keep		
mm.domus.YH161	keep	keep		
mm.misc.216	keep	keep		
mm.musa.138	keep	keep		
mm.domus.SE600	keep	keep		
mm.domus.EM104	keep	keep		
mm.domus.SE220	keep	keep		
mm.ace.1113	keep	keep		
mm.ace.1225	keep	keep		
mm.domus.YH088	keep	keep		
mm.domus.SW210	keep	keep		
mm.domus.SE308	keep	keep		
mm.domus.WM136	keep	keep		
mm.domus.SE478	keep	keep		
mm.ace.333	keep	keep		
mm.domus.NW150	keep	keep		
mm.domus.SC189	keep	keep		
mm.domus.SE291	keep	keep		
mm.domus.SE350	keep	keep		
mm.domus.NI028	keep	keep		
mm.aim.0219	keep	keep		
mm.domus.EM029	keep	keep		
mm.domus.SE027	keep	keep		
mm.musa.053	keep	keep		
mm.musa.392	keep	keep		
mm.fcm.056	keep	keep		
mm.New.93	keep	keep		
mm.ace.1254	keep	keep		
mm.domus.WA070	keep	keep		
mm.domus.NE079	keep	keep		
mm.hha.089	keep	keep		
mm.hha.086	keep	keep		
mm.domus.NW141	keep	keep		
mm.hha.181	keep	keep		
mm.mgs.411	keep	keep		
mm.aim.0811	keep	keep		
mm.domus.YH065	keep	keep		
mm.wiki.313	keep	keep		
mm.hha.183	keep	keep		
mm.ace.1263	keep	keep		
mm.ace.1153	keep	keep		
mm.domus.YH054	keep	keep		
mm.musa.301	keep	keep		
mm.domus.SE234	keep	keep		
mm.domus.NW115	keep	keep		
mm.domus.WM053	keep	keep		
mm.domus.NE080	keep	keep		
mm.domus.WA038	keep	keep		
mm.aim.1180	keep	keep		
mm.wiki.177	keep	keep		
mm.aim.1076	keep	keep		
mm.hha.044	keep	keep		
mm.ace.023	keep	keep		
mm.hha.187	keep	keep		
mm.hha.177	keep	keep		
mm.ace.1215	keep	keep		
mm.musa.296	keep	keep		
mm.domus.SW241	keep	keep		
mm.hha.028	keep	keep		
mm.domus.SW238	keep	keep		
mm.aim82NM.012	keep	keep		
mm.mald.130	keep	keep		
mm.domus.NW079	keep	keep		
mm.domus.NW044	keep	keep		
mm.nimc.009	keep	keep		
mm.domus.WM011	keep	keep		
mm.domus.YH030	keep	keep		
mm.domus.NW177	keep	keep		
mm.domus.SE580	keep	keep		
mm.domus.WM027	keep	keep		
mm.domus.WA055	keep	keep		
mm.wiki.343	keep	keep		
mm.domus.SE485	keep	keep		
mm.mgs.314	keep	keep		
mm.wiki.472	drop	keep		
mm.aim.1245	drop	keep		
mm.New.68	drop	drop		
mm.musa.351	drop	drop		
mm.domus.WM089	drop	update		https://www.facebook.com/102016068165143
mm.domus.NE057	keep	keep		
mm.domus.SW106	keep	keep		
mm.domus.YH107	keep	keep		
mm.domus.YH106	keep	keep		
mm.domus.NE056	keep	keep		
mm.ace.1256	keep	keep		
mm.domus.EM094	keep	keep		
mm.ace.1195	keep	keep		
mm.hha.136	keep	keep		
mm.mald.026	keep	keep		
mm.aim.1261	keep	keep		
mm.domus.EM084	keep	keep		
mm.domus.WA026	keep	keep		
mm.wiki.305	keep	keep		
mm.domus.SE267	keep	keep		
mm.ace.1175	keep	keep		
mm.hha.130	keep	keep		
mm.ace.1213	keep	keep		
mm.wiki.037	keep	keep		
mm.domus.EM070	keep	keep		
mm.domus.NW071	keep	keep		
mm.domus.SE043	keep	keep		
mm.mgs.281	keep	keep		
mm.domus.YH091	keep	keep		
mm.domus.SE508	keep	keep		
mm.wiki.285	keep	keep		
mm.aim.0599	keep	keep		
mm.wiki.150	keep	keep		
mm.musa.339	keep	keep		
mm.domus.SE557	keep	keep		
mm.domus.NW133	keep	keep		
mm.domus.WA092	keep	keep		
mm.New.63	keep	keep		
mm.domus.SC069	keep	keep		
mm.domus.SE500	keep	keep		
mm.domus.SE528	keep	keep		
mm.domus.SE505	keep	keep		
mm.New.3	keep	keep		
mm.domus.SC195	keep	keep		
mm.mgs.299	keep	keep		
mm.New.100	keep	keep		
mm.ace.022	keep	keep		
mm.domus.NE074	keep	keep		
mm.domus.WM055	keep	keep		
mm.hha.132	keep	keep		
mm.aim.0207	keep	keep		
mm.domus.SC103	keep	keep		
mm.domus.EM022	keep	keep		
mm.domus.WA077	keep	keep		
mm.domus.SE556	keep	keep		
mm.domus.EM090	keep	keep		
mm.domus.SE475	keep	keep		
mm.hha.061	keep	keep		
mm.domus.SE090	keep	keep		
mm.domus.SE533	keep	keep		
mm.mald.124	keep	keep		
mm.ace.1227	keep	keep		
mm.mgs.284	keep	keep		
mm.domus.YH160	keep	keep		
mm.ace.1098	keep	keep		
mm.fcm.078	keep	keep		
mm.domus.WM001	keep	keep		
mm.hha.143	keep	keep		
mm.domus.SE501	keep	keep		
mm.ace.1268	keep	keep		
mm.aim.0141	keep	keep		
mm.domus.SE031	keep	keep		
mm.hha.133	keep	keep		
mm.domus.YH081	keep	keep		
mm.domus.SC199	keep	keep		
mm.domus.EM077	keep	keep		
mm.domus.WM087	keep	keep		
mm.domus.SE499	keep	keep		
mm.domus.SW071	keep	keep		
mm.ace.1223	keep	keep		
mm.domus.SE468	keep	keep		
mm.musa.316	keep	keep		
mm.domus.YH153	keep	keep		
mm.domus.SC119	keep	keep		
mm.hha.122	keep	keep		
mm.domus.SE174	keep	keep		
mm.domus.EM014	keep	keep		
mm.aim.0044	keep	keep		
mm.domus.YH061	keep	keep		
mm.domus.SC134	keep	keep		
mm.domus.SC124	keep	keep		
mm.musa.162	keep	keep		
mm.wiki.490	keep	keep		
mm.ace.1109	keep	keep		
mm.wiki.056	keep	keep		
mm.domus.WA073	keep	keep		
mm.ace.1141	keep	keep		
mm.aim.0578	keep	keep		
mm.mald.152	keep	keep		
mm.ace.1128	keep	keep		
mm.aim.0952	keep	keep		
mm.domus.SW234	keep	keep		
mm.wiki.297	keep	keep		
mm.domus.SW111	keep	keep		
mm.wiki.330	keep	keep		
mm.domus.YH014	keep	keep		
mm.ace.1152	update	update	https://twitter.com/blistshill	https://www.facebook.com/theironbridgegorgemuseums
mm.domus.EM087	keep	keep		
mm.domus.SE548	keep	keep		
mm.domus.NW129	keep	keep		
mm.domus.SE452	keep	keep		
mm.wiki.342	keep	keep		
mm.domus.SC080	keep	keep		
mm.domus.SE248	keep	keep		
mm.domus.EM028	keep	keep		
mm.domus.YH150	keep	keep		
mm.hha.140	keep	keep		
mm.domus.SE550	keep	keep		
mm.aim82NM.022	keep	keep		
mm.domus.WM137	keep	keep		
mm.mald.037	keep	keep		
mm.aim.0583	keep	keep		
mm.ace.1172	keep	keep		
mm.ace.1176	keep	keep		
mm.domus.SE099	drop	drop		
mm.domus.WM077	drop	drop		
mm.domus.YH145	keep	keep		
mm.aim.0231	drop	keep		
mm.domus.WM067	drop	keep		
mm.domus.SE192	keep	keep		
mm.domus.YH101	keep	keep		
mm.domus.SC318	keep	keep		
mm.domus.YH130	keep	keep		
mm.domus.SE601	keep	keep		
mm.wiki.065	keep	keep		
mm.hha.094	keep	keep		
mm.domus.WA033	keep	keep		
mm.domus.NW034	keep	keep		
mm.aim.0420	keep	keep		
mm.domus.SC192	keep	keep		
mm.domus.WM132	keep	keep		
mm.domus.NW095	keep	keep		
mm.musa.354	keep	keep		
mm.MDN.015	keep	keep		
mm.wiki.375	keep	keep		
mm.misc.131	keep	keep		
mm.aim.0058	keep	keep		
mm.domus.SE348	keep	keep		
mm.domus.SE481	keep	keep		
mm.domus.SW059	keep	keep		
mm.wiki.022	keep	keep		
mm.domus.SE510	keep	keep		
mm.domus.NW176	keep	keep		
mm.domus.EM032	keep	keep		
mm.hha.058	keep	keep		
mm.domus.SE518	keep	keep		
mm.wiki.208	keep	keep		
mm.domus.EM093	keep	keep		
mm.domus.SW177	keep	keep		
mm.domus.SE034	keep	keep		
mm.hha.123	keep	keep		
mm.aim.0485	keep	keep		
mm.domus.YH113	keep	keep		
mm.hha.118	keep	keep		
mm.domus.SE011	keep	keep		
mm.ace.1212	keep	keep		
mm.musa.292	keep	keep		
mm.wiki.378	keep	keep		
mm.aim.1156	keep	keep		
mm.domus.SE587	keep	keep		
mm.domus.SW242	keep	keep		
mm.domus.NW023	keep	keep		
mm.domus.NW172	keep	keep		
mm.domus.NW174	keep	keep		
mm.New.148	keep	keep		
mm.hha.125	keep	keep		
mm.domus.YH155	keep	keep		
mm.aim.0310	keep	keep		
mm.domus.NW027	keep	keep		
mm.domus.SW096	keep	keep		
mm.MDN.008	keep	keep		
mm.domus.SE264	keep	keep		
mm.domus.EM092	keep	keep		
mm.domus.YH022	keep	keep		
mm.domus.SE293	keep	keep		
mm.domus.WA069	keep	keep		
mm.domus.SW044	keep	keep		
mm.domus.EM085	keep	keep		
mm.musa.266	keep	keep		
mm.ace.1249	keep	keep		
mm.musa.216	keep	keep		
mm.domus.NE062	keep	keep		
mm.domus.SW204	keep	keep		
mm.domus.SE228	keep	keep		
mm.domus.WA084	keep	keep		
mm.musa.308	keep	keep		
mm.domus.SE366	keep	keep		
mm.musa.343	keep	keep		
mm.hha.156	keep	keep		
mm.wiki.341	keep	keep		
mm.domus.SW155	keep	keep		
mm.ace.1088	keep	keep		
mm.hha.051	keep	keep		
mm.aim.0036	keep	keep		
mm.hha.120	keep	keep		
mm.misc.138	keep	keep		
mm.ace.1145	keep	keep		
mm.hha.085	keep	keep		
mm.domus.SE077	keep	keep		
mm.domus.SE514	keep	keep		
mm.domus.SE139	keep	keep		
mm.domus.WM046	keep	keep		
mm.domus.SW158	keep	keep		
mm.hha.083	keep	keep		
mm.New.64	keep	keep		
mm.domus.WM112	keep	keep		
mm.domus.SE428	keep	keep		
mm.New.136	keep	keep		
mm.musa.182	keep	keep		
mm.mald.135	keep	keep		
mm.mgs.321	keep	keep		
mm.fcm.191	keep	keep		
mm.domus.NW074	keep	keep		
mm.domus.WM147	keep	keep		
mm.aim82NM.117	keep	keep		
mm.domus.EM072	keep	keep		
mm.domus.NW104	keep	keep		
mm.misc.196	keep	keep		
mm.ace.1287	keep	keep		
mm.domus.SE517	keep	keep		
mm.misc.100	keep	keep		
mm.domus.SW182	keep	keep		
mm.domus.YH004	keep	keep		
mm.wiki.419	keep	keep		
mm.musa.046	keep	keep		
mm.domus.SW116	keep	keep		
mm.fcm.120	keep	keep		
mm.domus.SW020	keep	keep		
mm.aim.0723	keep	keep		
mm.musa.171	keep	keep		
mm.wiki.036	keep	keep		
mm.aim.0593	keep	keep		
mm.musa.393	keep	keep		
mm.misc.026	keep	keep		
mm.domus.SE463	keep	keep		
mm.domus.SW219	keep	keep		
mm.domus.WA094	keep	keep		
mm.ace.1150	keep	keep		
mm.ace.1298	drop	keep		
mm.domus.WA018	drop	keep		
mm.domus.SE410	drop	drop		
mm.wiki.162	keep	keep		
mm.aim.0245	keep	keep		
mm.domus.SE052	keep	keep		
mm.domus.WM142	keep	keep		
mm.musa.341	keep	keep		
mm.domus.SE390	keep	keep		
mm.aim.0052	keep	keep		
mm.domus.SE554	keep	keep		
mm.wiki.034	keep	keep		
mm.domus.SE026	keep	keep		
mm.domus.YH135	keep	keep		
mm.domus.SC093	keep	keep		
mm.domus.SC151	keep	keep		
mm.ace.1238	keep	keep		
mm.domus.WM059	keep	keep		
mm.aim82M.064	keep	keep		
mm.wiki.483	keep	keep		
mm.domus.WM009	keep	keep		
mm.domus.SE020	keep	keep		
mm.aim.1115	keep	keep		
mm.domus.SW039	keep	keep		
mm.domus.YH092	keep	keep		
mm.hha.141	keep	keep		
mm.ace.1182	keep	keep		
mm.musa.281	keep	keep		
mm.domus.YH171	keep	keep		
mm.mald.038	keep	keep		
mm.domus.NW187	keep	keep		
mm.domus.WA027	keep	keep		
mm.domus.WM121	keep	keep		
mm.mgs.343	keep	keep		
mm.misc.121	keep	keep		
mm.domus.NI010	keep	keep		
mm.domus.WA041	keep	keep		
mm.ace.1148	keep	keep		
mm.aim.0521	keep	keep		
mm.hha.135	keep	keep		
mm.aim.1209	keep	keep		
mm.musa.329	keep	keep		
mm.domus.YH071	keep	keep		
mm.ace.1273	keep	keep		
mm.domus.SC129	keep	keep		
mm.aim.1159	keep	keep		
mm.ace.1252	keep	keep		
mm.hha.025	keep	keep		
mm.wiki.478	keep	keep		
mm.domus.SE242	keep	keep		
mm.domus.SE482	keep	keep		
mm.musa.389	keep	keep		
mm.domus.SC186	keep	keep		
mm.aim.0699	keep	keep		
mm.wiki.124	keep	keep		
mm.hha.024	keep	keep		
mm.musa.073	keep	keep		
mm.mgs.390	keep	keep		
mm.wiki.237	keep	keep		
mm.domus.NW106	keep	keep		
mm.wiki.290	keep	keep		
mm.aim.0112	keep	keep		
mm.misc.166	keep	keep		
mm.wiki.430	keep	keep		
mm.domus.SE126	keep	keep		
mm.ace.1149	keep	keep		
mm.musa.210	keep	keep		
mm.fcm.231	keep	keep		
mm.domus.EM071	keep	keep		
mm.hha.185	keep	keep		
mm.domus.EM061	keep	keep		
mm.aim.0568	keep	keep		
mm.aim.0165	keep	keep		
mm.aim.0788	keep	keep		
mm.musa.149	keep	keep		
mm.musa.298	keep	keep		
mm.domus.NE072	keep	keep		
mm.ace.1242	keep	keep		
mm.ace.1271	keep	keep		
mm.domus.SW156	keep	keep		
mm.wiki.281	keep	keep		
mm.aim.0159	keep	keep		
mm.New.127	keep	keep		
mm.domus.SE591	keep	keep		
mm.musa.191	keep	keep		
mm.aim.1304	keep	keep		
mm.domus.SW014	keep	keep		
mm.misc.266	keep	keep		
mm.domus.WM007	keep	keep		
mm.domus.SW230	keep	keep		
mm.aim.0105	keep	keep		
mm.domus.SW198	keep	keep		
mm.wiki.364	keep	keep		
mm.domus.SW240	keep	keep		
mm.mald.042	keep	keep		
mm.aim.0512	keep	keep		
mm.wiki.174	keep	keep		
mm.domus.SC066	keep	keep		
mm.domus.SC145	keep	keep		
mm.domus.NW168	keep	keep		
mm.fcm.041	keep	keep		
mm.wiki.441	keep	keep		
mm.ace.1264	keep	keep		
mm.aim.1342	keep	keep		
mm.ace.1163	keep	keep		
mm.aim.0877	keep	keep		
mm.aim.0691	keep	keep		
mm.musa.246	keep	keep		
mm.hha.147	keep	keep		
mm.wiki.245	keep	keep		
mm.aim.1142	keep	keep		
mm.domus.WA021	update	update	http://twitter.com/EHHadriansWall	https://www.facebook.com/EHHadriansWall/
mm.domus.WA060	keep	keep		
mm.fcm.100	keep	keep		
mm.wiki.328	keep	keep		
mm.aim.0358	keep	keep		
mm.ace.1177	keep	keep		
mm.domus.SE498	keep	keep		
mm.aim.1004	keep	keep		
mm.domus.SC234	keep	keep		
mm.aim.1295	keep	keep		
mm.domus.NW016	keep	keep		
mm.aim.1335	keep	keep		
mm.domus.SC064	keep	keep		
mm.mald.072	keep	keep		
mm.aim82M.028	keep	keep		
mm.domus.SC301	keep	keep		
mm.domus.SE369	update	update	https://twitter.com/ThorneySociety	https://www.facebook.com/groups/thorneysociety
mm.aim.0001	drop	update		https://www.facebook.com/twinwoodevents
mm.domus.WM122	drop	keep		
mm.musa.325	drop	drop		
mm.domus.NI003	keep	keep		
mm.domus.EM043	keep	drop		
mm.MDN.022	drop	keep		
mm.New.163	drop	drop		
mm.domus.SE245	keep	keep		
mm.aim.0042	drop	keep		
mm.aim.0528	drop	drop		
mm.domus.SE170	drop	keep		
mm.domus.SC152	drop	drop		
mm.aim.1316	drop	drop		
mm.domus.SE284	keep	keep		
mm.domus.SE395	keep	keep		
mm.aim.1138	drop	keep		
mm.domus.NE035	drop	drop		
mm.domus.SC279	keep	keep		
mm.domus.WM016	keep	keep		
mm.domus.WM017	drop	update		https://m.facebook.com/profile.php?id=209673002376087&__tn__=%2As-R
mm.domus.YH036	keep	keep		
mm.domus.SW074	drop	keep		
mm.wiki.097	keep	update		https://www.facebook.com/HullMaritime/
mm.domus.SW223	keep	drop		
mm.domus.YH074	keep	keep		
mm.New.74	keep	keep		
mm.domus.SC120	drop	keep		
mm.domus.NW001	drop	keep		
mm.domus.SE007	drop	keep		
mm.domus.SE349	keep	keep		
mm.aim.0393	update	update	twitter.com/Fireground999	https://www.facebook.com/FiregroundRochdale
mm.wiki.257	drop	keep		
mm.domus.SE526	keep	keep		
mm.domus.SC149	keep	keep		
mm.aim.0181	keep	keep		
mm.domus.YH084	keep	keep		
mm.domus.YH085	keep	keep		
mm.aim.0188	keep	keep		
mm.domus.SC153	keep	update		https://www.facebook.com/maclaurinart/
mm.domus.SC135	keep	keep		
mm.domus.SC138	keep	keep		
mm.wiki.189	keep	keep		
mm.musa.304	keep	keep		
mm.mgs.334	drop	keep		
mm.aim.0467	keep	keep		
mm.domus.EM101	keep	keep		
mm.misc.159	update	drop	https://twitter.com/RomanBathMuseum	
mm.domus.SE470	keep	keep		
mm.domus.EM105	keep	keep		
mm.wiki.232	keep	keep		
mm.wiki.392	keep	keep		
mm.wiki.426	keep	keep		
mm.domus.SE199	keep	keep		
mm.domus.YH044	keep	keep		
mm.domus.SC016	keep	keep		
mm.New.54	keep	keep		
mm.misc.015	keep	keep		
mm.domus.WA087	keep	keep		
mm.MDN.024	keep	keep		
mm.domus.WA082	keep	keep		
mm.aim.0067	keep	keep		
mm.domus.SE396	keep	keep		
mm.domus.WM073	keep	keep		
mm.ace.127	keep	keep		
mm.domus.NW183	keep	keep		
mm.domus.NE053	keep	keep		
mm.ace.1235	keep	keep		
mm.musa.377	keep	keep		
mm.wiki.112	keep	keep		
mm.aim.1197	keep	keep		
mm.hha.005	keep	keep		
mm.domus.SE136	keep	keep		
mm.domus.YH120	keep	keep		
mm.domus.SE307	keep	keep		
mm.domus.SC160	keep	keep		
mm.domus.SE116	keep	keep		
mm.domus.NW078	keep	keep		
mm.domus.SC294	keep	keep		
mm.domus.WM126	keep	keep		
mm.domus.SE240	keep	keep		
mm.MDN.006	keep	keep		
mm.domus.SE111	keep	keep		
mm.misc.157	keep	keep		
mm.aim.0155	keep	keep		
mm.domus.SE382	keep	keep		
mm.domus.SW024	keep	keep		
mm.domus.SE596	keep	keep		
mm.MDN.035	keep	keep		
mm.ace.1231	keep	keep		
mm.domus.SE180	keep	keep		
mm.MDN.010	keep	keep		
mm.aim.0604	keep	keep		
mm.domus.SE298	keep	keep		
mm.wiki.195	keep	keep		
mm.ace.1191	keep	keep		
mm.ace.1192	keep	keep		
mm.domus.NW125	keep	keep		
mm.ace.413	keep	keep		
mm.domus.SC257	keep	keep		
mm.domus.SC258	keep	keep		
mm.domus.WA028	keep	keep		
mm.misc.057	keep	keep		
mm.domus.YH073	keep	keep		
mm.fcm.058	keep	keep		
mm.domus.WM074	keep	keep		
mm.domus.SE376	keep	keep		
mm.wiki.295	keep	keep		
mm.wiki.289	keep	keep		
mm.domus.YH134	keep	keep		
mm.domus.YH112	keep	keep		
mm.aim.1305	keep	keep		
mm.aim82NM.127	keep	keep		
mm.aim.0459	keep	keep		
mm.wiki.077	keep	keep		
mm.domus.SE334	keep	keep		
mm.domus.SE379	keep	keep		
mm.musa.002	keep	keep		
mm.mgs.093	keep	keep		
mm.domus.SE304	keep	keep		
mm.domus.SE305	keep	keep		
mm.domus.SW207	keep	keep		
mm.domus.SC293	keep	keep		
mm.ace.1127	keep	keep		
mm.domus.SC095	keep	keep		
mm.aim.1020	keep	keep		
mm.aim.1063	keep	keep		
mm.wiki.435	keep	keep		
mm.domus.SC097	keep	keep		
mm.wiki.439	keep	keep		
mm.domus.SE041	keep	keep		
mm.wiki.013	keep	keep		
mm.wiki.094	keep	keep		
mm.domus.SE156	keep	keep		
mm.domus.SE102	keep	keep		
mm.aim.0422	keep	keep		
mm.misc.079	keep	keep		
mm.New.60	keep	keep		
mm.domus.WM115	keep	keep		
mm.misc.108	keep	keep		
mm.MDN.011	keep	keep		
mm.domus.SE230	keep	keep		
mm.domus.SE013	keep	keep		
mm.mald.111	keep	keep		
mm.mald.030	keep	keep		
mm.domus.EM096	keep	keep		
mm.wiki.307	keep	keep		
mm.musa.323	keep	keep		
mm.wiki.086	keep	keep		
mm.domus.YH064	keep	keep		
mm.domus.SE105	keep	keep		
mm.domus.YH132	keep	keep		
mm.domus.YH152	keep	keep		
mm.mgs.320	keep	keep		
mm.domus.EM107	keep	keep		
mm.domus.NW155	keep	keep		
mm.domus.SW069	keep	keep		
mm.domus.YH008	keep	keep		
mm.domus.SE237	keep	keep		
mm.domus.SE426	keep	keep		
mm.domus.YH148	keep	keep		
mm.misc.127	keep	keep		
mm.domus.SE380	keep	keep		
mm.domus.SW174	keep	keep		
mm.aim.0337	keep	keep		
mm.domus.SW138	keep	keep		
mm.domus.SE302	keep	keep		
mm.domus.SC157	keep	keep		
mm.domus.SC071	keep	keep		
mm.domus.SE306	keep	keep		
mm.domus.SE568	keep	keep		
mm.domus.SE486	keep	keep		
mm.musa.118	keep	keep		
mm.New.42	keep	keep		
mm.wiki.395	keep	keep		
mm.ace.1258	keep	keep		
mm.wiki.308	keep	keep		
mm.ace.1097	keep	keep		
mm.ace.036	keep	keep		
mm.domus.SE129	keep	keep		
mm.wiki.382	keep	keep		
mm.domus.SC090	keep	keep		
mm.ace.1190	keep	keep		
mm.domus.SC079	keep	keep		
mm.ace.1155	keep	keep		
mm.New.22	keep	keep		
mm.domus.SE226	keep	keep		
mm.domus.NW039	keep	keep		
mm.aim.0174	keep	keep		
mm.wiki.325	keep	keep		
mm.domus.SE303	keep	keep		
mm.ace.039	keep	keep		
mm.musa.374	keep	keep		
mm.hha.062	keep	keep		
mm.domus.SE006	keep	keep		
mm.aim.1346	keep	keep		
mm.misc.148	keep	keep		
mm.domus.SW063	keep	keep		
mm.aim.0513	keep	keep		
mm.New.155	keep	keep		
mm.domus.SE363	keep	keep		
mm.mald.151	keep	keep		
mm.hha.138	keep	keep		
mm.ace.1139	keep	keep		
mm.domus.SE408	keep	keep		
mm.domus.WA100	keep	keep		
mm.domus.SW134	keep	keep		
mm.ace.1283	keep	keep		
mm.domus.SE047	keep	keep		
mm.domus.SE297	keep	keep		
mm.ace.135	keep	keep		
mm.domus.NW048	keep	keep		
mm.domus.NW050	keep	keep		
mm.domus.WM075	keep	keep		
mm.domus.SC290	keep	keep		
mm.domus.SE146	keep	keep		
mm.New.55	keep	keep		
mm.domus.NW102	keep	keep		
mm.domus.SW023	keep	keep		
mm.New.102	keep	keep		
mm.aim.1155	keep	keep		
mm.domus.SE300	keep	keep		
mm.domus.SC048	keep	keep		
mm.domus.YH049	keep	keep		
mm.domus.NW028	keep	keep		
mm.New.95	keep	keep		
mm.wiki.229	keep	keep		
mm.wiki.009	keep	keep		
mm.ace.1126	keep	keep		
mm.ace.1090	keep	keep		
mm.domus.SW029	keep	keep		
mm.New.21	keep	keep		
mm.domus.SC125	keep	keep		
mm.domus.SW099	keep	keep		
mm.domus.SC068	keep	keep		
mm.fcm.189	keep	keep		
mm.domus.SC230	keep	keep		
mm.wiki.156	keep	keep		
mm.domus.WA079	keep	keep		
mm.hha.115	keep	keep		
mm.musa.371	keep	keep		
mm.domus.NW171	keep	keep		
mm.domus.SW214	keep	keep		
mm.ace.1265	keep	keep		
mm.aim.1186	keep	keep		
mm.domus.SE265	keep	keep		
mm.domus.WM008	keep	keep		
mm.domus.SE023	keep	keep		
mm.domus.NI013	keep	keep		
mm.musa.263	keep	keep		
mm.musa.042	keep	keep		
mm.ace.1204	keep	keep		
mm.domus.WM099	keep	keep		
mm.misc.125	keep	keep		
mm.aim.0527	keep	keep		
mm.Mus70Cal.027	keep	keep		
mm.misc.056	keep	keep		
mm.New.36	keep	keep		
mm.ace.1295	keep	keep		
mm.domus.WM098	keep	keep		
mm.ace.1138	keep	keep		
mm.misc.268	keep	keep		
mm.aim.1026	keep	keep		
mm.aim.1289	keep	keep		
mm.domus.NW029	keep	keep		
mm.New.152	keep	keep		
mm.musa.183	keep	keep		
mm.wiki.026	keep	keep		
mm.domus.SE049	keep	keep		
mm.domus.SE565	keep	keep		
mm.domus.YH016	keep	keep		
mm.wiki.414	keep	keep		
mm.domus.SE522	keep	keep		
mm.domus.SE399	keep	keep		
mm.aim.1153	keep	keep		
mm.domus.SE417	keep	keep		
mm.mald.052	keep	keep		
mm.domus.SE196	keep	keep		
mm.domus.SE416	keep	keep		
mm.domus.SE578	keep	keep		
mm.domus.EM074	keep	keep		
mm.aim.0081	keep	keep		
mm.domus.SE541	keep	keep		
mm.domus.NI006	keep	keep		
mm.aim.0283	keep	keep		
mm.ace.1087	keep	keep		
mm.hha.011	keep	keep		
mm.domus.WA098	keep	keep		
mm.domus.WA095	keep	keep		
mm.domus.WM020	keep	keep		
mm.domus.SE225	keep	keep		
mm.domus.WM146	keep	keep		
mm.domus.YH075	keep	keep		
mm.misc.225	keep	keep		
mm.domus.SC037	keep	keep		
mm.domus.YH125	keep	keep		
mm.aim.0079	keep	keep		
mm.aim.1196	keep	keep		
mm.domus.SW205	keep	keep		
mm.domus.SW082	keep	keep		
mm.aim.0378	keep	keep		
mm.aim.0077	keep	keep		
mm.domus.SC056	keep	keep		
mm.wiki.372	keep	keep		
mm.domus.EM006	keep	keep		
mm.misc.256	keep	keep		
mm.domus.NW131	keep	keep		
mm.mgs.307	keep	keep		
mm.domus.SC057	keep	keep		
mm.domus.SW057	keep	keep		
mm.domus.SC054	keep	keep		
mm.domus.SW056	keep	keep		
mm.domus.YH111	keep	keep		
mm.domus.YH151	keep	keep		
mm.domus.YH116	keep	keep		
mm.domus.SE397	keep	keep		
mm.domus.SC316	keep	keep		
mm.domus.YH045	keep	keep		
mm.ace.1102	keep	keep		
mm.domus.SC287	keep	keep		
mm.ace.1255	keep	keep		
mm.domus.SE030	keep	keep		
mm.aim.0738	keep	keep		
mm.ace.1214	keep	keep		
mm.domus.SC227	keep	keep		
mm.domus.SE106	keep	keep		
mm.domus.SW012	keep	keep		
mm.hha.191	keep	keep		
mm.domus.SE407	keep	keep		
mm.misc.129	keep	keep		
mm.mald.162	keep	keep		
mm.misc.158	keep	keep		
mm.aim.0516	keep	keep		
mm.musa.184	keep	keep		
mm.wiki.360	keep	keep		
mm.ace.1276	keep	keep		
mm.domus.SE059	keep	keep		
mm.ace.1101	keep	keep		
mm.domus.NW086	keep	keep		
mm.domus.NW017	keep	keep		
mm.mgs.369	keep	keep		
mm.hha.004	keep	keep		
mm.New.120	keep	keep		
mm.domus.SC270	keep	keep		
mm.domus.WM057	keep	keep		
mm.aim.0014	keep	keep		
mm.aim.1267	keep	keep		
mm.domus.SE087	keep	keep		
mm.aim.0282	keep	keep		
mm.nimc.036	keep	keep		
mm.wiki.226	keep	keep		
mm.wiki.398	keep	keep		
mm.domus.SW136	keep	keep		
mm.wiki.057	keep	keep		
mm.domus.SE552	keep	keep		
mm.domus.EM012	keep	keep		
mm.misc.122	keep	keep		
mm.hha.097	keep	keep		
mm.domus.SE419	keep	keep		
mm.domus.SW091	keep	keep		
mm.domus.SC118	keep	keep		
mm.wiki.046	keep	keep		
mm.mald.014	keep	keep		
mm.domus.NI009	keep	keep		
mm.domus.SW166	keep	keep		
mm.hha.013	keep	keep		
mm.hha.157	keep	keep		
mm.domus.WA064	keep	keep		
mm.wiki.213	keep	keep		
mm.wiki.265	keep	keep		
mm.domus.SW125	keep	keep		
mm.wiki.066	keep	keep		
mm.domus.SE466	keep	keep		
mm.domus.SC164	keep	keep		
mm.aim.0244	keep	keep		
mm.domus.SW162	keep	keep		
mm.domus.SW140	keep	keep		
mm.domus.NW188	keep	keep		
mm.hha.188	keep	keep		
mm.hha.145	keep	keep		
mm.misc.150	keep	keep		
mm.domus.SW019	keep	keep		
mm.wiki.505	keep	keep		
mm.ace.1202	keep	keep		
mm.domus.SC126	keep	keep		
mm.misc.221	keep	keep		
mm.domus.SE295	keep	keep		
mm.nimc.018	keep	keep		
mm.domus.NE082	keep	keep		
mm.musa.163	keep	keep		
mm.wiki.498	keep	keep		
mm.domus.SE131	keep	keep		
mm.ace.1125	keep	keep		
mm.domus.SE532	keep	keep		
mm.domus.SC027	keep	keep		
mm.aim.0898	keep	keep		
mm.domus.NE071	keep	keep		
mm.domus.SE200	keep	keep		
mm.domus.SE560	keep	keep		
mm.domus.SE061	keep	keep		
mm.musa.306	keep	keep		
mm.domus.SW215	keep	keep		
mm.ace.1158	keep	keep		
mm.ace.1199	keep	keep		
mm.domus.SC281	keep	keep		
mm.domus.SE536	keep	keep		
mm.domus.SW221	keep	keep		
mm.domus.SE121	keep	keep		
mm.domus.SW004	keep	keep		
mm.wiki.085	keep	keep		
mm.domus.EM026	keep	keep		
mm.domus.SE258	keep	keep		
mm.hha.190	keep	keep		
mm.domus.EM037	keep	keep		
mm.domus.SE603	keep	keep		
mm.domus.EM056	keep	keep		
mm.domus.SW175	keep	keep		
mm.domus.SE181	keep	keep		
mm.ace.1100	keep	keep		
mm.domus.WM043	keep	keep		
mm.mgs.376	keep	keep		
mm.domus.SE537	keep	keep		
mm.domus.SW224	keep	keep		
mm.domus.SC074	keep	keep		
mm.hha.167	keep	keep		
mm.nimc.037	keep	keep		
mm.aim.1355	keep	keep		
mm.domus.SE527	keep	keep		
mm.domus.YH119	keep	keep		
mm.aim.0976	keep	keep		
mm.domus.SC194	keep	keep		
mm.hha.078	keep	keep		
mm.domus.EM004	keep	keep		
mm.aim.0742	keep	keep		
mm.fcm.067	keep	keep		
mm.ace.1117	keep	keep		
mm.domus.SE582	keep	keep		
mm.domus.WA057	keep	keep		
mm.domus.EM052	keep	keep		
mm.mgs.389	keep	keep		
mm.domus.NE037	keep	keep		
mm.domus.NE040	keep	keep		
mm.hha.003	keep	keep		
mm.domus.NI022	keep	keep		
mm.domus.SE445	keep	keep		
mm.misc.115	keep	keep		
mm.wiki.302	keep	keep		
mm.domus.SW245	keep	keep		
mm.ace.1261	keep	keep		
mm.aim.0314	keep	keep		
mm.wiki.188	keep	keep		
mm.domus.YH158	keep	keep		
mm.domus.WM078	keep	keep		
mm.wiki.258	keep	keep		
mm.domus.YH168	keep	keep		
mm.wiki.155	keep	keep		
mm.domus.SE572	keep	keep		
mm.domus.SE441	keep	keep		
mm.domus.SC311	keep	keep		
mm.New.61	keep	keep		
mm.domus.SC104	keep	keep		
mm.domus.SE378	keep	keep		
mm.musa.254	keep	keep		
mm.aim.0533	keep	keep		
mm.domus.SC197	keep	keep		
mm.ace.327	keep	keep		
mm.domus.SE110	keep	keep		
mm.domus.WM006	keep	keep		
mm.domus.SE057	keep	keep		
mm.domus.SE495	keep	keep		
mm.domus.SE084	keep	keep		
mm.aim.0172	keep	keep		
mm.wiki.488	keep	keep		
mm.domus.WM093	keep	keep		
mm.aim.0430	keep	keep		
mm.domus.SW189	keep	keep		
mm.domus.NW191	keep	keep		
mm.domus.SE166	keep	keep		
mm.misc.251	keep	keep		
mm.domus.SW226	keep	keep		
mm.domus.SE547	keep	keep		
mm.domus.SE204	keep	keep		
mm.domus.SC176	keep	keep		
mm.mgs.374	keep	keep		
mm.domus.SE012	keep	keep		
mm.aim.0641	keep	keep		
mm.domus.NE051	keep	keep		
mm.domus.SW120	keep	keep		
mm.musa.303	keep	keep		
mm.musa.342	keep	keep		
mm.hha.040	keep	keep		
mm.domus.SE169	keep	keep		
mm.ace.1151	keep	keep		
mm.wiki.326	keep	keep		
mm.musa.312	keep	keep		
mm.domus.SE188	keep	keep		
mm.nimc.026	keep	keep		
mm.domus.WA053	keep	keep		
mm.domus.NE017	keep	keep		
mm.ace.1224	keep	keep		
mm.domus.SW130	keep	keep		
mm.aim.0038	keep	keep		
mm.ace.1114	keep	keep		
mm.domus.SE278	keep	keep		
mm.domus.SC203	keep	keep		
mm.hha.029	keep	keep		
mm.domus.SW017	keep	keep		
mm.wiki.504	keep	keep		
mm.domus.SE523	keep	keep		
mm.domus.WM143	keep	keep		
mm.domus.SE544	keep	keep		
mm.domus.SC183	keep	keep		
mm.aim.1223	keep	keep		
mm.domus.SW160	keep	keep		
mm.domus.SC100	keep	keep		
mm.domus.SW197	keep	keep		
mm.domus.WA005	keep	keep		
mm.hha.026	keep	keep		
mm.aim.0679	keep	keep		
mm.domus.YH066	keep	keep		
mm.domus.SW058	keep	keep		
mm.domus.SE340	keep	keep		
mm.mgs.304	keep	keep		
mm.domus.SE164	keep	keep		
mm.domus.SW085	keep	keep		
mm.mgs.383	keep	keep		
mm.domus.SC044	keep	keep		
mm.fcm.075	keep	keep		
mm.domus.SC158	keep	keep		
mm.domus.SE028	keep	keep		
mm.musa.353	keep	keep		
mm.domus.SW186	keep	keep		
mm.domus.SE190	keep	keep		
mm.domus.SE062	keep	keep		
mm.ace.1293	keep	keep		
mm.domus.SE064	keep	keep		
mm.ace.1089	keep	keep		
mm.domus.YH038	keep	keep		
mm.domus.WA063	keep	keep		
mm.domus.SC032	keep	keep		
mm.ace.1091	keep	keep		
mm.domus.SE082	keep	keep		
mm.ace.1108	keep	keep		
mm.aim.0943	keep	keep		
mm.aim.0340	keep	keep		
mm.domus.YH034	keep	keep		
mm.ace.1239	keep	keep		
mm.domus.SE098	keep	keep		
mm.aim.0448	keep	keep		
mm.hha.037	keep	keep		
mm.hha.036	keep	keep		
mm.hha.002	keep	keep		
mm.mgs.333	keep	keep		
mm.musa.223	keep	keep		
mm.New.151	keep	keep		
mm.aim.1101	keep	keep		
mm.New.53	keep	keep		
mm.musa.394	keep	keep		
mm.domus.SE491	keep	keep		
mm.domus.SE480	keep	keep		
mm.aim.1091	keep	keep		
mm.ace.1205	keep	keep		
mm.wiki.384	keep	keep		
mm.domus.SE172	keep	keep		
mm.domus.SE167	keep	keep		
mm.domus.SE024	keep	keep		
mm.domus.SC200	keep	keep		
mm.mgs.408	keep	keep		
mm.domus.SE420	keep	keep		
mm.domus.NW178	keep	keep		
mm.wiki.214	keep	keep		
mm.aim.0342	keep	keep		
mm.domus.SE427	keep	keep		
mm.wiki.467	keep	keep		
mm.domus.SE037	keep	keep		
mm.domus.NW061	keep	keep		
mm.ace.1267	keep	keep		
mm.wiki.190	keep	keep		
mm.ace.1280	keep	keep		
mm.domus.SE201	keep	keep		
mm.hha.067	keep	keep		
mm.domus.EM041	keep	keep		
mm.domus.SC116	keep	keep		
mm.domus.NE049	keep	keep		
mm.domus.EM005	keep	keep		
mm.domus.NW140	keep	keep		
mm.domus.SC111	keep	keep		
mm.domus.SE447	keep	keep		
mm.musa.253	keep	keep		
mm.New.153	keep	keep		
mm.domus.NE006	keep	keep		
mm.musa.219	keep	keep		
mm.aim.1190	keep	keep		
mm.domus.SE599	keep	keep		
mm.domus.NW175	keep	keep		
mm.aim82M.044	keep	keep		
mm.domus.SW103	keep	keep		
mm.domus.SE579	keep	keep		
mm.ace.1085	keep	keep		
mm.wiki.350	keep	keep		
mm.domus.SE253	keep	keep		
mm.domus.SE425	keep	keep		
mm.domus.SW235	keep	keep		
mm.domus.SE092	keep	keep		
mm.domus.SE004	keep	keep		
mm.wiki.055	keep	keep		
mm.wiki.385	keep	keep		
mm.ace.1247	keep	keep		
mm.mgs.332	keep	keep		
mm.mald.160	keep	keep		
mm.domus.NW120	keep	keep		
mm.domus.SE271	keep	keep		
mm.domus.SC174	keep	keep		
mm.domus.EM110	keep	keep		
mm.domus.NW043	keep	keep		
mm.domus.SE292	keep	keep		
mm.domus.SE229	keep	keep		
mm.domus.SC291	keep	keep		
mm.mgs.282	keep	keep		
mm.ace.1156	keep	keep		
mm.wiki.115	keep	keep		
mm.domus.SE359	keep	keep		
mm.misc.217	keep	keep		
mm.hha.022	keep	keep		
mm.domus.NW073	keep	keep		
mm.domus.SW163	keep	keep		
mm.mgs.364	keep	keep		
mm.musa.165	keep	keep		
mm.domus.NW033	keep	keep		
mm.domus.SE281	keep	keep		
mm.domus.WA048	keep	keep		
mm.aim.1202	keep	keep		
mm.domus.WM135	keep	keep		
mm.domus.SE178	keep	keep		
mm.hha.093	keep	keep		
mm.hha.117	keep	keep		
mm.domus.YH089	keep	keep		
mm.domus.SE218	keep	keep		
mm.domus.YH154	keep	keep		
mm.New.119	keep	keep		
mm.domus.NE047	keep	keep		
mm.ace.045	keep	keep		
mm.domus.NW081	keep	keep		
mm.domus.SE439	keep	keep		
mm.hha.165	keep	keep		
mm.ace.1116	keep	keep		
mm.wiki.144	keep	keep		
mm.domus.SW054	keep	keep		
mm.domus.WM097	keep	keep		
mm.domus.SE490	keep	keep		
mm.ace.1210	keep	keep		
mm.aim.0382	keep	keep		
mm.domus.NW040	keep	keep		
mm.domus.SE231	keep	keep		
mm.domus.WA066	keep	keep		
mm.MDN.013	keep	keep		
mm.MDN.014	keep	keep		
mm.domus.NW019	keep	keep		
mm.domus.WM015	keep	keep		
mm.domus.SE442	keep	keep		
mm.domus.SE469	keep	keep		
mm.domus.SW202	keep	keep		
mm.hha.006	keep	keep		
mm.ace.266	keep	keep		
mm.domus.EM011	keep	keep		
mm.domus.SE464	keep	keep		
mm.domus.NW031	keep	keep		
mm.musa.264	keep	keep		
mm.domus.SC078	keep	keep		
mm.domus.EM023	keep	keep		
mm.domus.YH047	keep	keep		
mm.musa.215	keep	keep		
mm.domus.SW184	keep	keep		
mm.musa.047	keep	keep		
mm.hud.005	keep	keep		
mm.hha.158	keep	keep		
mm.domus.SW141	keep	keep		
mm.domus.SW173	keep	keep		
mm.ace.1207	keep	keep		
mm.domus.EM031	keep	keep		
mm.musa.199	keep	keep		
mm.domus.YH050	keep	keep		
mm.domus.EM102	keep	keep		
mm.domus.SE461	keep	keep		
mm.aim.1005	keep	keep		
mm.aim.1215	keep	keep		
mm.misc.241	keep	keep		
mm.musa.291	keep	keep		
mm.domus.SE593	keep	keep		
mm.ace.1187	keep	keep		
mm.musa.041	keep	keep		
mm.fcm.083	keep	keep		
mm.domus.SW079	keep	keep		
mm.musa.243	keep	keep		
mm.domus.SE118	keep	keep		
mm.musa.242	keep	keep		
mm.domus.SE155	keep	keep		
mm.ace.1236	keep	keep		
mm.domus.SE165	keep	keep		
mm.domus.SW006	keep	keep		
mm.misc.118	keep	keep		
mm.ace.1275	keep	keep		
mm.wiki.456	keep	keep		
mm.musa.135	keep	keep		
mm.mald.043	keep	keep		
mm.domus.SE451	keep	keep		
mm.domus.WM034	keep	keep		
mm.misc.162	keep	keep		
mm.domus.SE336	keep	keep		
mm.domus.SW097	keep	keep		
mm.domus.SW048	keep	keep		
mm.domus.WM092	keep	keep		
mm.domus.SE138	keep	keep		
mm.domus.WM049	keep	keep		
mm.hha.046	keep	keep		
mm.New.4	keep	keep		
mm.aim.0046	keep	keep		
mm.mald.071	keep	keep		
mm.aim.0598	keep	keep		
mm.mgs.392	keep	keep		
mm.domus.SE422	keep	keep		
mm.hha.174	keep	keep		
mm.domus.SW181	keep	keep		
mm.hha.007	keep	keep		
mm.misc.164	keep	keep		
mm.wiki.428	keep	keep		
mm.domus.SE273	keep	keep		
mm.wiki.393	keep	keep		
mm.hha.134	keep	keep		
mm.aim.1352	keep	keep		
mm.domus.SE289	keep	keep		
mm.domus.SW027	keep	keep		
mm.aim.0204	keep	keep		
mm.domus.SC201	keep	keep		
mm.domus.SE343	keep	keep		
mm.domus.SW165	keep	keep		
mm.domus.SE434	keep	keep		
mm.aim.1090	keep	keep		
mm.domus.SE372	keep	keep		
mm.domus.SC235	keep	keep		
mm.hha.041	keep	keep		
mm.hha.047	keep	keep		
mm.ace.1094	keep	keep		
mm.hha.126	keep	keep		
mm.wiki.227	keep	keep		
mm.hha.109	keep	keep		
mm.domus.SE152	keep	keep		
mm.hha.030	keep	keep		
mm.aim.1047	keep	keep		
mm.domus.YH023	keep	keep		
mm.ace.1093	keep	keep		
mm.misc.258	keep	keep		
mm.hha.088	keep	keep		
mm.domus.SW032	keep	keep		
mm.domus.SW115	keep	keep		
mm.domus.SW047	keep	keep		
mm.domus.WA014	keep	keep		
mm.hha.019	keep	keep		
mm.aim.0222	keep	keep		
mm.aim.0795	keep	keep		
mm.domus.SE346	keep	keep		
mm.domus.SE134	keep	keep		
mm.domus.NE061	keep	keep		
mm.fcm.098	keep	keep		
mm.domus.SE590	keep	keep		
mm.aim.0406	keep	keep		
mm.domus.NW064	keep	keep		
mm.domus.SW243	keep	keep		
mm.domus.SW244	keep	keep		
mm.domus.WM045	keep	keep		
mm.aim.0447	keep	keep		
mm.domus.SC047	keep	keep		
mm.domus.EM036	keep	keep		
mm.domus.SW216	keep	keep		
mm.domus.SW220	keep	keep		
mm.domus.NW157	keep	keep		
mm.wiki.083	keep	keep		
mm.domus.SC180	keep	keep		
mm.domus.SC245	keep	keep		
mm.domus.SC127	keep	keep		
mm.domus.SC133	keep	keep		
mm.domus.SE296	keep	keep		
mm.hha.090	keep	keep		
mm.mald.116	keep	keep		
mm.domus.SC302	keep	keep		
mm.domus.SE215	keep	keep		
mm.domus.NE014	keep	keep		
mm.domus.SW010	keep	keep		
mm.hha.081	keep	keep		
mm.ace.1183	keep	keep		
mm.domus.SC122	keep	keep		
mm.aim.0720	keep	keep		
mm.aim.0262	keep	keep		
mm.aim.0790	keep	keep		
mm.ace.1282	keep	keep		
mm.domus.SW011	keep	keep		
mm.fcm.155	keep	keep		
mm.domus.SE085	keep	keep		
mm.hha.163	keep	keep		
mm.domus.SC028	keep	keep		
mm.domus.SE175	keep	keep		
mm.hha.182	keep	keep		
mm.musa.023	keep	keep		
mm.musa.072	keep	keep		
mm.misc.146	keep	keep		
mm.domus.SC276	keep	keep		
mm.fcm.274	keep	keep		
mm.domus.SC024	keep	keep		
mm.domus.SC173	keep	keep		
mm.hha.096	keep	keep		
mm.musa.334	keep	keep		
mm.aim.0959	keep	keep		
mm.domus.SE328	keep	keep		
mm.New.86	keep	keep		
mm.aim.1017	keep	keep		
mm.domus.SE521	keep	keep		
mm.aim.0692	keep	keep		
mm.domus.SE540	keep	keep		
mm.hha.018	keep	keep		
mm.hha.020	keep	keep		
mm.domus.SC155	keep	keep		
mm.domus.SE338	keep	keep		
mm.domus.YH024	keep	keep		
mm.fcm.163	keep	keep		
mm.domus.SE581	keep	keep		
mm.domus.SE257	keep	keep		
mm.ace.1132	keep	keep		
mm.aim.0220	keep	keep		
mm.domus.SE530	keep	keep		
mm.misc.003	keep	keep		
mm.aim.0882	keep	keep		
mm.domus.SC040	keep	keep		
mm.New.78	keep	keep		
mm.domus.SE553	keep	keep		
mm.musa.081	keep	keep		
mm.wiki.402	keep	keep		
mm.wiki.449	keep	keep		
mm.domus.SE177	keep	keep		
mm.domus.SE221	keep	keep		
mm.misc.047	keep	keep		
mm.wiki.238	keep	keep		
mm.domus.SW026	keep	keep		
mm.domus.SW213	keep	keep		
mm.domus.WA056	keep	keep		
mm.domus.SW117	keep	keep		
mm.domus.SW212	keep	keep		
mm.domus.SE017	keep	keep		
mm.New.128	keep	keep		
mm.domus.EM064	keep	keep		
mm.domus.WM119	keep	keep		
mm.domus.SC039	keep	keep		
mm.domus.SW188	keep	keep		
mm.wiki.359	keep	keep		
mm.domus.SE460	keep	keep		
mm.domus.SE524	keep	keep		
mm.domus.SW183	keep	keep		
mm.aim.0350	keep	keep		
mm.domus.NW080	keep	keep		
mm.domus.SW161	keep	keep		
mm.domus.WA015	keep	keep		
mm.wiki.333	keep	keep		
mm.mgs.375	keep	keep		
mm.domus.SE122	keep	keep		
mm.domus.SE459	keep	keep		
mm.aim.0191	keep	keep		
mm.wiki.440	keep	keep		
mm.ace.1217	keep	keep		
mm.aim.0302	keep	keep		
mm.domus.EM099	keep	keep		
mm.domus.SW176	keep	keep		
mm.musa.396	keep	keep		
mm.ace.1121	keep	keep		
mm.domus.EM079	keep	keep		
mm.misc.218	keep	keep		
mm.aim.0049	keep	keep		
mm.domus.SE430	keep	keep		
mm.aim.0461	keep	keep		
mm.domus.SE173	keep	keep		
mm.wiki.151	keep	keep		
mm.wiki.194	keep	keep		
mm.New.39	keep	keep		
mm.hha.053	keep	keep		
mm.domus.SE256	keep	keep		
mm.domus.SE488	keep	keep		
mm.wiki.421	keep	keep		
mm.domus.SW227	keep	keep		
mm.aim.0471	keep	keep		
mm.aim.0892	keep	keep		
mm.mgs.223	keep	keep		
mm.domus.SC274	keep	keep		
mm.hha.116	keep	keep		
mm.misc.232	keep	keep		
mm.wiki.477	keep	keep		
mm.aim.1042	keep	keep		
mm.domus.SE243	keep	keep		
mm.musa.201	keep	keep		
mm.domus.WM095	keep	keep		
mm.hha.155	keep	keep		
mm.mgs.361	keep	keep		
mm.aim.0249	keep	keep		
mm.hha.042	keep	keep		
mm.domus.EM048	keep	keep		
mm.domus.WM138	keep	keep		
mm.ace.1262	keep	keep		
mm.aim.0265	keep	keep		
mm.domus.YH058	keep	keep		
mm.hha.160	keep	keep		
mm.domus.EM055	keep	keep		
mm.domus.SC288	keep	keep		
mm.domus.SE519	keep	keep		
mm.domus.YH069	keep	keep		
mm.domus.WM061	keep	keep		
mm.hha.008	keep	keep		
mm.ace.1154	keep	keep		
mm.domus.WA046	keep	keep		
mm.misc.016	keep	keep		
mm.misc.029	keep	keep		
mm.wiki.252	keep	keep		
mm.wiki.474	keep	keep		
mm.aim.1315	keep	keep		
mm.domus.SE335	keep	keep		
mm.domus.SC011	keep	keep		
mm.domus.SE187	keep	keep		
mm.domus.SW003	keep	keep		
mm.musa.052	keep	keep		
mm.domus.NI018	keep	keep		
mm.domus.SW209	keep	keep		
mm.wiki.024	keep	keep		
mm.wiki.145	keep	keep		
mm.wiki.173	keep	keep		
mm.wiki.351	keep	keep		
mm.New.139	keep	keep		
mm.aim.0931	keep	keep		
mm.ace.1248	keep	keep		
mm.domus.SE406	keep	keep		
mm.domus.SE546	keep	keep		
mm.fcm.221	keep	keep		
mm.mgs.075	keep	keep		
mm.aim.0423	keep	keep		
mm.domus.SC034	keep	keep		
mm.domus.SW102	keep	keep		
mm.mald.055	keep	keep		
mm.aim.0338	keep	keep		
mm.domus.NW161	keep	keep		
mm.domus.SE542	keep	keep		
mm.misc.236	keep	keep		
mm.aim.0588	keep	keep		
mm.domus.SC170	keep	keep		
mm.hha.023	keep	keep		
mm.aim.1147	keep	keep		
mm.domus.SE515	keep	keep		
mm.mald.019	keep	keep		
mm.mgs.294	keep	keep		
mm.wiki.249	keep	keep		
mm.ace.1208	keep	keep		
mm.domus.EM024	keep	keep		
mm.domus.SE347	keep	keep		
mm.domus.SE586	keep	keep		
mm.musa.067	keep	keep		
mm.musa.380	keep	keep		
mm.domus.SW068	keep	keep		
mm.aim.0254	keep	keep		
mm.domus.SE153	keep	keep		
mm.domus.SW114	keep	keep		
mm.wiki.459	keep	keep		
mm.misc.147	keep	keep		
mm.musa.095	keep	keep		
mm.domus.EM111	keep	keep		
mm.domus.SC236	keep	keep		
mm.hha.184	keep	keep		
mm.wiki.078	keep	keep		
mm.wiki.356	keep	keep		
mm.aim.0130	keep	keep		
mm.aim.0443	keep	keep		
mm.domus.SE142	keep	keep		
mm.aim.0351	keep	keep		
mm.domus.NI025	keep	keep		
mm.domus.WM014	keep	keep		
mm.hha.073	keep	keep		
mm.hha.193	keep	keep		
mm.wiki.201	keep	keep		
mm.ace.1243	keep	keep		
mm.domus.YH104	keep	keep		
mm.hha.084	keep	keep		
mm.wiki.133	keep	keep		
mm.domus.SC177	keep	keep		
mm.domus.SE437	keep	keep		
mm.aim.0234	keep	keep		
mm.domus.EM080	keep	keep		
mm.domus.SE329	keep	keep		
mm.domus.SE576	keep	keep		
mm.hha.016	keep	keep		
mm.hha.180	keep	keep		
mm.wiki.331	keep	keep		
mm.New.13	keep	keep		
mm.ace.1099	keep	keep		
mm.ace.1144	keep	keep		
mm.domus.NW152	keep	keep		
mm.musa.337	keep	keep		
mm.wiki.365	keep	keep		
mm.aim.0218	keep	keep		
mm.aim.0470	keep	keep		
mm.domus.SC043	keep	keep		
mm.domus.WM041	keep	keep		
mm.fcm.139	keep	keep		
mm.mald.158	keep	keep		
mm.wiki.146	keep	keep		
mm.New.138	keep	keep		
mm.domus.SC317	keep	keep		
mm.fcm.161	keep	keep		
mm.hha.150	keep	keep		
mm.misc.114	keep	keep		
mm.misc.252	keep	keep		
mm.misc.259	keep	keep		
mm.musa.119	keep	keep		
mm.ace.1166	keep	keep		
mm.domus.SE402	keep	keep		
mm.misc.242	keep	keep		
mm.wiki.033	keep	keep		
mm.aim.0478	keep	keep		
mm.domus.SE019	keep	keep		
mm.domus.SE389	keep	keep		
mm.domus.SW152	keep	keep		
mm.mald.028	keep	keep		
mm.wiki.239	keep	keep		
mm.MDN.036	keep	keep		
mm.musa.278	keep	keep		
mm.musa.370	keep	keep		
mm.wiki.241	keep	keep		
mm.New.10	keep	keep		
mm.aim.1322	keep	keep		
mm.fcm.131	keep	keep		
mm.fcm.190	keep	keep		
mm.New.33	keep	keep		
mm.aim.0425	keep	keep		
mm.aim.1263	keep	keep		
mm.domus.SC168	keep	keep		
mm.domus.SW081	keep	keep		
mm.domus.SW195	keep	keep		
mm.domus.WM052	keep	keep		
mm.hha.031	keep	keep		
mm.hha.087	keep	keep		
mm.hha.092	keep	keep		
mm.misc.134	keep	keep		
mm.misc.190	keep	keep		
mm.musa.271	keep	keep		
mm.musa.313	keep	keep		
mm.musa.350	keep	keep		
mm.wiki.251	keep	keep		
mm.New.132	keep	keep		
mm.aim.0441	keep	keep		
mm.aim.1085	keep	keep		
mm.aim.1117	keep	keep		
mm.domus.NE042	keep	keep		
mm.domus.NW167	keep	keep		
mm.domus.SE516	keep	keep		
mm.hha.035	keep	keep		
mm.hha.159	keep	keep		
mm.mald.007	keep	keep		
mm.mald.163	keep	keep		
mm.musa.097	keep	keep		
mm.wiki.196	keep	keep		
mm.domus.EM109	keep	keep		
mm.domus.NI011	keep	keep		
mm.domus.SE227	keep	keep		
mm.domus.SE367	keep	keep		
mm.domus.WM062	keep	keep		
mm.hha.027	keep	keep		
mm.mald.157	keep	keep		
mm.misc.237	keep	keep		
mm.musa.300	keep	keep		
mm.wiki.012	keep	keep		
mm.wiki.209	keep	keep		
mm.wiki.366	keep	keep		
mm.New.99	keep	keep		
mm.ace.1112	keep	keep		
mm.ace.1291	keep	keep		
mm.aim.0373	keep	keep		
mm.aim.1258	keep	keep		
mm.domus.SC025	keep	keep		
mm.domus.SC072	keep	keep		
mm.domus.SC308	keep	keep		
mm.domus.SE137	keep	keep		
mm.domus.SE403	keep	keep		
mm.domus.SW135	keep	keep		
mm.domus.SW167	keep	keep		
mm.domus.WM039	keep	keep		
mm.domus.WM071	keep	keep		
mm.hha.021	keep	keep		
mm.mgs.388	keep	keep		
mm.musa.257	keep	keep		
mm.wiki.230	keep	keep		
mm.wiki.312	keep	keep		
mm.wiki.335	keep	keep		
mm.domus.WM033	keep	keep		
mm.New.134	keep	keep		
mm.domus.SW178	keep	keep		
mm.domus.SE214	keep	keep		
mm.domus.SE339	keep	keep		
mm.domus.NE013	keep	keep		
mm.aim.1338	keep	keep		
mm.domus.WM124	keep	keep		
mm.domus.SW236	keep	keep		
mm.ace.1115	keep	keep		
mm.domus.YH053	keep	keep		
mm.domus.SC296	keep	keep		
mm.domus.SE130	keep	keep		
mm.domus.YH026	keep	keep		
mm.domus.WM030	keep	keep		
mm.domus.NE078	keep	keep		
mm.mgs.412	keep	keep		
mm.New.92	keep	keep		
mm.wiki.007	keep	keep		
mm.wiki.280	keep	keep		
mm.New.34	keep	keep		
mm.wiki.475	keep	keep		
mm.domus.EM066	keep	keep		
mm.domus.NW025	keep	keep		
mm.aim.0005	keep	keep		
mm.aim.0006	keep	keep		
mm.domus.SE413	keep	keep		
mm.misc.195	keep	keep		
mm.domus.SE176	keep	keep		
mm.aim.0037	keep	keep		
mm.domus.SW193	keep	keep		
mm.domus.EM003	keep	keep		
mm.misc.112	keep	keep		
mm.fcm.001	keep	keep		
mm.domus.SW093	keep	keep		
mm.aim.0018	keep	keep		
mm.misc.084	keep	keep		
mm.aim.0021	keep	keep		
mm.domus.WA101	keep	keep		
mm.domus.SC220	keep	keep		
mm.domus.WM103	keep	keep		
mm.domus.NI030	keep	keep		
mm.domus.WA081	keep	keep		
mm.misc.243	keep	keep		
mm.domus.NE002	keep	keep		
mm.domus.SC017	keep	keep		
mm.domus.SE039	keep	keep		
mm.mgs.327	keep	keep		
mm.domus.SC020	keep	keep		
mm.hha.112	keep	keep		
mm.domus.SC030	keep	keep		
mm.musa.015	keep	keep		
mm.misc.058	keep	keep		
mm.domus.SW157	keep	keep		
mm.wiki.121	keep	keep		
mm.domus.NW003	keep	keep		
mm.domus.NW006	keep	keep		
mm.aim.0040	keep	keep		
mm.domus.SC033	keep	keep		
mm.domus.SW094	keep	keep		
mm.domus.NE003	keep	keep		
mm.New.90	keep	keep		
mm.musa.022	keep	keep		
mm.domus.YH011	keep	keep		
mm.domus.SC271	keep	keep		
mm.wiki.206	keep	keep		
mm.musa.026	keep	keep		
mm.domus.NI023	keep	keep		
mm.domus.SE321	keep	keep		
mm.wiki.416	keep	keep		
mm.aim.0060	keep	keep		
mm.nimc.013	keep	keep		
mm.domus.SC070	keep	keep		
mm.misc.226	keep	keep		
mm.misc.227	keep	keep		
mm.domus.YH017	keep	keep		
mm.wiki.255	keep	keep		
mm.misc.137	keep	keep		
mm.musa.036	keep	keep		
mm.domus.YH033	keep	keep		
mm.domus.SE418	keep	keep		
mm.domus.YH032	keep	keep		
mm.domus.SE320	keep	keep		
mm.aim.0993	keep	keep		
mm.aim.0074	keep	keep		
mm.domus.EM069	keep	keep		
mm.musa.039	keep	keep		
mm.wiki.064	keep	keep		
mm.hud.014	keep	keep		
mm.domus.WM139	keep	keep		
mm.domus.SE194	keep	keep		
mm.New.62	keep	keep		
mm.ace.1118	keep	keep		
mm.musa.045	keep	keep		
mm.wiki.076	keep	keep		
mm.ace.1297	keep	keep		
mm.musa.048	keep	keep		
mm.wiki.368	keep	keep		
mm.domus.WM113	keep	keep		
mm.wiki.324	keep	keep		
mm.aim.0098	keep	keep		
mm.musa.050	keep	keep		
mm.domus.SC309	keep	keep		
mm.aim.0099	keep	keep		
mm.domus.SW001	keep	keep		
mm.domus.SW045	keep	keep		
mm.domus.SE198	keep	keep		
mm.domus.SW013	keep	keep		
mm.domus.YH037	keep	keep		
mm.wiki.020	keep	keep		
mm.fcm.026	keep	keep		
mm.domus.SC289	keep	keep		
mm.domus.WM004	keep	keep		
mm.domus.WM118	keep	keep		
mm.aim.0107	keep	keep		
mm.aim.0109	keep	keep		
mm.mgs.354	keep	keep		
mm.aim.0110	keep	keep		
mm.misc.172	keep	keep		
mm.musa.055	keep	keep		
mm.aim.0117	keep	keep		
mm.domus.SC023	keep	keep		
mm.wiki.108	keep	keep		
mm.musa.058	keep	keep		
mm.fcm.030	keep	keep		
mm.wiki.098	keep	keep		
mm.wiki.211	keep	keep		
mm.mgs.391	keep	keep		
mm.misc.192	keep	keep		
mm.domus.WM002	keep	keep		
mm.domus.SC042	keep	keep		
mm.aim.0135	keep	keep		
mm.New.26	keep	keep		
mm.aim.0140	keep	keep		
mm.hha.119	keep	keep		
mm.wiki.417	keep	keep		
mm.wiki.476	keep	keep		
mm.domus.WM130	keep	keep		
mm.ace.1110	keep	keep		
mm.domus.SC008	keep	keep		
mm.mgs.308	keep	keep		
mm.domus.SW229	keep	keep		
mm.aim.0147	keep	keep		
mm.domus.SC051	keep	keep		
mm.wiki.484	keep	keep		
mm.domus.SE202	keep	keep		
mm.mald.020	keep	keep		
mm.domus.SE440	keep	keep		
mm.wiki.500	keep	keep		
mm.wiki.376	keep	keep		
mm.domus.SE249	keep	keep		
mm.mgs.310	keep	keep		
mm.domus.SC052	keep	keep		
mm.fcm.242	keep	keep		
mm.domus.SE525	keep	keep		
mm.ace.1186	keep	keep		
mm.domus.SC049	keep	keep		
mm.ace.1226	keep	keep		
mm.hha.034	keep	keep		
mm.misc.219	keep	keep		
mm.wiki.283	keep	keep		
mm.domus.SW185	keep	keep		
mm.wiki.396	keep	keep		
mm.musa.069	keep	keep		
mm.misc.151	keep	keep		
mm.wiki.122	keep	keep		
mm.domus.SE520	keep	keep		
mm.aim.0173	keep	keep		
mm.musa.075	keep	keep		
mm.musa.076	keep	keep		
mm.aim82NM.032	keep	keep		
mm.wiki.479	keep	keep		
mm.aim.0179	keep	keep		
mm.domus.NW049	keep	keep		
mm.domus.YH057	keep	keep		
mm.New.101	keep	keep		
mm.domus.SE577	keep	keep		
mm.mald.033	keep	keep		
mm.New.122	keep	keep		
mm.aim.0796	keep	keep		
mm.domus.SE233	keep	keep		
mm.domus.WM107	keep	keep		
mm.domus.NE077	keep	keep		
mm.musa.083	update	update	https://twitter.com/blistshill	https://www.facebook.com/theironbridgegorgemuseums
mm.New.49	keep	keep		
mm.musa.084	keep	keep		
mm.wiki.397	keep	keep		
mm.aim.0200	keep	keep		
mm.wiki.310	keep	keep		
mm.domus.SC077	keep	keep		
mm.domus.SC075	keep	keep		
mm.ace.1234	keep	keep		
mm.ace.1288	keep	keep		
mm.wiki.345	keep	keep		
mm.domus.NW042	keep	keep		
mm.misc.257	keep	keep		
mm.domus.SW208	keep	keep		
mm.musa.090	keep	keep		
mm.domus.WM125	keep	keep		
mm.domus.YH068	keep	keep		
mm.aim.0211	keep	keep		
mm.fcm.059	keep	keep		
mm.domus.SC036	keep	keep		
mm.wiki.142	keep	keep		
mm.domus.WM022	keep	keep		
mm.domus.NI038	keep	keep		
mm.aim.0217	keep	keep		
mm.wiki.079	keep	keep		
mm.domus.SC143	keep	keep		
mm.ace.1178	keep	keep		
mm.mgs.287	keep	keep		
mm.misc.173	keep	keep		
mm.aim.0228	keep	keep		
mm.domus.NE068	keep	keep		
mm.hha.162	keep	keep		
mm.fcm.064	keep	keep		
mm.wiki.028	keep	keep		
mm.wiki.029	keep	keep		
mm.domus.SC081	keep	keep		
mm.hha.064	keep	keep		
mm.hha.095	keep	keep		
mm.aim.1025	keep	keep		
mm.domus.SC089	keep	keep		
mm.aim.0236	keep	keep		
mm.domus.WA029	keep	keep		
mm.domus.SE184	keep	keep		
mm.nimc.016	keep	keep		
mm.New.85	keep	keep		
mm.domus.SC320	keep	keep		
mm.wiki.080	keep	keep		
mm.mgs.370	keep	keep		
mm.domus.NW186	keep	keep		
mm.domus.SW033	keep	keep		
mm.domus.SW034	keep	keep		
mm.domus.SC092	keep	keep		
mm.fcm.072	keep	keep		
mm.domus.SC315	keep	keep		
mm.domus.SE014	keep	keep		
mm.fcm.074	keep	keep		
mm.domus.SC091	keep	keep		
mm.musa.101	keep	keep		
mm.misc.160	keep	keep		
mm.mgs.373	keep	keep		
mm.musa.102	keep	keep		
mm.domus.WM129	keep	keep		
mm.wiki.207	keep	keep		
mm.wiki.379	keep	keep		
mm.wiki.030	keep	keep		
mm.New.133	keep	keep		
mm.musa.109	keep	keep		
mm.domus.SW037	keep	keep		
mm.misc.013	keep	keep		
mm.wiki.458	keep	keep		
mm.wiki.067	keep	keep		
mm.New.30	keep	keep		
mm.domus.SW038	keep	keep		
mm.wiki.023	keep	keep		
mm.wiki.380	keep	keep		
mm.wiki.381	keep	keep		
mm.domus.SC098	keep	keep		
mm.fcm.082	keep	keep		
mm.ace.1286	keep	keep		
mm.domus.SE154	keep	keep		
mm.wiki.256	keep	keep		
mm.domus.SC099	keep	keep		
mm.mald.069	keep	keep		
mm.domus.NE012	keep	keep		
mm.wiki.329	keep	keep		
mm.domus.NI002	keep	keep		
mm.misc.077	keep	keep		
mm.wiki.407	keep	keep		
mm.aim.0284	keep	keep		
mm.wiki.143	keep	keep		
mm.hha.171	keep	keep		
mm.aim.0288	keep	keep		
mm.musa.117	keep	keep		
mm.domus.SW206	keep	keep		
mm.domus.YH141	keep	keep		
mm.wiki.371	keep	keep		
mm.aim.0292	keep	keep		
mm.aim.0295	keep	keep		
mm.wiki.501	keep	keep		
mm.musa.120	keep	keep		
mm.musa.121	keep	keep		
mm.musa.122	keep	keep		
mm.domus.SE270	keep	keep		
mm.hha.043	keep	keep		
mm.New.143	keep	keep		
mm.wiki.223	keep	keep		
mm.aim.0307	keep	keep		
mm.New.48	keep	keep		
mm.wiki.001	keep	keep		
mm.hha.070	keep	keep		
mm.hha.080	keep	keep		
mm.New.19	keep	keep		
mm.musa.132	keep	keep		
mm.ace.1259	keep	keep		
mm.ace.1143	keep	keep		
mm.musa.136	keep	keep		
mm.domus.SC117	keep	keep		
mm.New.137	keep	keep		
mm.domus.SC298	keep	keep		
mm.domus.SC112	keep	keep		
mm.aim.0335	keep	keep		
mm.aim.0336	keep	keep		
mm.wiki.485	keep	keep		
mm.domus.SE588	keep	keep		
mm.domus.NI035	keep	keep		
mm.domus.EM097	keep	keep		
mm.domus.SE288	update	keep	https://twitter.com/foxtalbotmuseum	
mm.ace.1157	keep	keep		
mm.mgs.292	keep	keep		
mm.domus.WM003	keep	keep		
mm.ace.1233	keep	keep		
mm.misc.222	keep	keep		
mm.domus.SE438	keep	keep		
mm.mgs.415	keep	keep		
mm.fcm.102	keep	keep		
mm.New.106	keep	keep		
mm.wiki.031	keep	keep		
mm.ace.1142	keep	keep		
mm.mgs.394	keep	keep		
mm.aim.0353	keep	keep		
mm.ace.1124	keep	keep		
mm.wiki.126	keep	keep		
mm.domus.SW246	keep	keep		
mm.domus.NE021	keep	keep		
mm.domus.SC045	keep	keep		
mm.musa.141	keep	keep		
mm.mgs.377	keep	keep		
mm.wiki.357	keep	keep		
mm.misc.143	keep	keep		
mm.wiki.193	keep	keep		
mm.domus.NE075	keep	keep		
mm.New.97	keep	keep		
mm.aim.0370	keep	keep		
mm.wiki.032	keep	keep		
mm.fcm.107	keep	keep		
mm.wiki.127	keep	keep		
mm.musa.142	keep	keep		
mm.wiki.327	keep	keep		
mm.domus.SC114	keep	keep		
mm.domus.SC115	keep	keep		
mm.domus.SE282	keep	keep		
mm.aim82M.017	keep	keep		
mm.domus.YH063	keep	keep		
mm.fcm.109	keep	keep		
mm.hha.075	keep	keep		
mm.misc.220	keep	keep		
mm.New.149	keep	keep		
mm.ace.1296	keep	keep		
mm.domus.SC087	keep	keep		
mm.domus.SC121	update	update	https://twitter.com/GuernseyMuseums	http://www.facebook.com/guernseymuseums
mm.domus.YH143	keep	keep		
mm.domus.WM031	keep	keep		
mm.musa.270	keep	keep		
mm.aim.0389	keep	keep		
mm.ace.1294	keep	keep		
mm.domus.SE114	keep	keep		
mm.wiki.418	keep	keep		
mm.misc.101	keep	keep		
mm.domus.NW185	keep	keep		
mm.musa.151	keep	keep		
mm.domus.SE436	keep	keep		
mm.domus.NW022	keep	keep		
mm.musa.157	keep	keep		
mm.mald.058	keep	keep		
mm.ace.1161	keep	keep		
mm.wiki.489	keep	keep		
mm.domus.SW225	keep	keep		
mm.domus.SE301	keep	keep		
mm.domus.NW110	keep	keep		
mm.aim.0410	keep	keep		
mm.wiki.039	keep	keep		
mm.domus.SE208	keep	keep		
mm.aim82NM.062	keep	keep		
mm.wiki.377	keep	keep		
mm.domus.SE127	keep	keep		
mm.domus.YH140	keep	keep		
mm.musa.160	keep	keep		
mm.wiki.288	keep	keep		
mm.hha.186	keep	keep		
mm.musa.166	keep	keep		
mm.domus.WA103	keep	keep		
mm.wiki.053	keep	keep		
mm.musa.168	keep	keep		
mm.wiki.260	keep	keep		
mm.musa.169	keep	keep		
mm.ace.1228	keep	keep		
mm.domus.SW172	keep	keep		
mm.wiki.363	keep	keep		
mm.domus.SE162	keep	keep		
mm.domus.SC218	keep	keep		
mm.domus.WM144	keep	keep		
mm.misc.067	keep	keep		
mm.misc.116	keep	keep		
mm.mgs.378	keep	keep		
mm.mgs.410	update	update	https://twitter.com/mimauseful	https://www.facebook.com/mimauseful
mm.domus.SW053	keep	keep		
mm.wiki.496	keep	keep		
mm.wiki.161	keep	keep		
mm.domus.NW194	keep	keep		
mm.wiki.084	keep	keep		
mm.musa.175	keep	keep		
mm.domus.WM145	keep	keep		
mm.fcm.124	keep	keep		
mm.New.129	keep	keep		
mm.New.123	keep	keep		
mm.ace.203	keep	keep		
mm.wiki.304	keep	keep		
mm.mald.062	update	update	https://twitter.com/NatGalleriesSco	https://www.facebook.com/nationalgalleries/
mm.domus.SC046	keep	keep		
mm.domus.SE035	keep	keep		
mm.musa.178	keep	keep		
mm.aim.0466	update	update	https://twitter.com/blistshill	https://www.facebook.com/theironbridgegorgemuseums
mm.ace.1140	keep	keep		
mm.wiki.130	keep	keep		
mm.domus.YH164	keep	keep		
mm.domus.SC267	update	update	https://twitter.com/NatGalleriesSco	https://www.facebook.com/nationalgalleries/
mm.mgs.278	keep	keep		
mm.MDN.021	keep	keep		
mm.domus.SC285	keep	keep		
mm.musa.180	keep	keep		
mm.domus.EM039	keep	keep		
mm.fcm.130	keep	keep		
mm.misc.109	keep	keep		
mm.domus.WM141	keep	keep		
mm.wiki.298	keep	keep		
mm.hha.139	keep	keep		
mm.domus.SC310	keep	keep		
mm.domus.WM106	keep	keep		
mm.musa.032	keep	keep		
mm.domus.WM127	keep	keep		
mm.New.124	keep	keep		
mm.domus.SC006	keep	keep		
mm.wiki.497	keep	keep		
mm.misc.223	keep	keep		
mm.domus.SC147	keep	keep		
mm.domus.SE571	keep	keep		
mm.domus.SE128	keep	keep		
mm.aim.0490	keep	update		https://www.facebook.com/The-Kent-Battle-of-Britain-Museum-126834467471736/
mm.domus.SW055	keep	keep		
mm.fcm.137	keep	keep		
mm.mald.066	keep	keep		
mm.domus.EM040	keep	keep		
mm.aim.0496	keep	keep		
mm.hha.178	keep	keep		
mm.misc.230	keep	keep		
mm.musa.188	keep	keep		
mm.domus.NE083	update	keep	https://twitter.com/TheTestingWorks	
mm.musa.189	keep	keep		
mm.domus.WM028	keep	keep		
mm.domus.WA083	keep	keep		
mm.wiki.286	keep	keep		
domus.NE043	keep	keep		
mm.domus.NE039	keep	keep		
mm.domus.SC139	keep	keep		
mm.domus.SC086	keep	keep		
mm.domus.SC082	keep	keep		
mm.aim.0518	keep	keep		
mm.mgs.279	keep	keep		
mm.domus.SE322	keep	keep		
mm.misc.054	keep	keep		
mm.domus.SC156	keep	keep		
mm.domus.SC256	keep	keep		
mm.domus.SE529	keep	keep		
mm.wiki.436	keep	keep		
mm.misc.103	keep	keep		
mm.aim.1247	keep	keep		
mm.misc.152	keep	keep		
mm.domus.SW046	keep	keep		
mm.aim.0530	keep	keep		
mm.domus.SE318	keep	keep		
mm.aim.0531	keep	keep		
mm.mald.068	update	update	https://twitter.com/thehubatstmarys	https://www.facebook.com/thehubatstmarys/
mm.domus.NW158	keep	keep		
mm.domus.SE317	keep	keep		
mm.domus.SE323	keep	keep		
mm.wiki.202	keep	keep		
mm.fcm.145	keep	keep		
mm.musa.195	keep	keep		
mm.musa.196	keep	keep		
mm.domus.WM117	keep	keep		
mm.musa.197	keep	keep		
mm.ace.390	keep	keep		
mm.wiki.069	keep	keep		
mm.domus.NI037	keep	keep		
mm.aim.0545	keep	keep		
mm.wiki.262	keep	keep		
mm.domus.NE081	keep	keep		
mm.wiki.070	keep	keep		
mm.wiki.460	keep	keep		
mm.aim.0556	keep	keep		
mm.domus.WA019	keep	keep		
mm.misc.153	keep	keep		
mm.misc.140	keep	keep		
mm.musa.205	keep	keep		
mm.fcm.149	keep	keep		
mm.wiki.486	keep	keep		
mm.fcm.151	keep	keep		
mm.ace.1107	keep	keep		
mm.domus.SE424	keep	keep		
mm.wiki.347	keep	keep		
mm.domus.WM036	keep	keep		
mm.musa.209	keep	keep		
mm.aim.0565	keep	keep		
mm.aim.0566	keep	keep		
mm.New.156	keep	keep		
mm.domus.SW159	keep	keep		
mm.domus.SW217	keep	keep		
mm.aim.0570	keep	keep		
mm.domus.NW132	keep	keep		
mm.misc.184	keep	keep		
mm.musa.212	keep	keep		
mm.domus.SC159	keep	keep		
mm.domus.WM079	keep	keep		
mm.ace.1169	keep	keep		
mm.fcm.158	keep	keep		
mm.musa.217	keep	keep		
mm.domus.SE472	keep	keep		
mm.domus.SW239	keep	keep		
mm.wiki.320	keep	keep		
mm.domus.SW060	keep	keep		
mm.fcm.160	keep	keep		
mm.wiki.348	keep	keep		
mm.aim.0589	keep	keep		
mm.domus.EM019	keep	keep		
mm.aim.1354	keep	keep		
mm.domus.SC148	keep	keep		
mm.New.84	update	update	https://twitter.com/TheJorvikGroup	https://www.facebook.com/theJorvikgroup
mm.domus.SC154	keep	keep		
mm.musa.222	keep	keep		
mm.wiki.491	keep	keep		
mm.domus.SW025	keep	keep		
mm.domus.SW061	keep	keep		
mm.domus.SE069	keep	keep		
mm.ace.019	keep	keep		
mm.musa.227	keep	keep		
mm.musa.228	keep	keep		
mm.domus.NI032	keep	keep		
mm.New.77	keep	keep		
mm.domus.SE056	keep	keep		
mm.nimc.017	keep	keep		
mm.New.2	keep	keep		
mm.wiki.404	keep	keep		
mm.aim.0616	keep	keep		
mm.domus.NW160	keep	keep		
mm.wiki.220	keep	keep		
mm.misc.169	keep	keep		
mm.musa.235	keep	keep		
mm.New.65	keep	keep		
mm.domus.WM032	keep	keep		
mm.domus.SC163	keep	keep		
mm.mald.086	keep	keep		
mm.domus.SW218	keep	keep		
mm.wiki.412	keep	keep		
mm.domus.NI008	keep	keep		
mm.domus.SC018	keep	keep		
mm.domus.YH090	keep	keep		
mm.fcm.162	keep	keep		
mm.misc.020	keep	keep		
mm.musa.240	keep	keep		
mm.wiki.040	keep	keep		
mm.mgs.337	keep	keep		
mm.mgs.386	keep	keep		
mm.aim.0628	keep	keep		
mm.domus.SC261	keep	keep		
mm.ace.1105	keep	keep		
mm.aim.0791	keep	keep		
mm.domus.SC313	keep	keep		
mm.aim.1119	keep	keep		
mm.domus.NE046	keep	keep		
mm.domus.SC250	keep	keep		
mm.aim.0651	keep	keep		
mm.domus.NW024	keep	keep		
mm.domus.SE604	keep	keep		
mm.domus.EM017	keep	keep		
mm.ace.1244	keep	keep		
mm.ace.1216	keep	keep		
mm.misc.110	keep	keep		
mm.aim.0664	keep	keep		
mm.domus.NW005	keep	keep		
mm.domus.EM007	keep	keep		
mm.domus.NI007	keep	keep		
mm.fcm.179	keep	keep		
mm.musa.247	update	update	https://twitter.com/AmgueddfaCymru	https://www.facebook.com/amgueddfacymru
mm.aim.0677	keep	keep		
mm.misc.069	keep	keep		
mm.domus.SC280	keep	keep		
mm.New.79	keep	keep		
mm.domus.WA090	keep	keep		
mm.domus.SC295	keep	keep		
mm.domus.NW184	keep	keep		
mm.wiki.135	keep	keep		
mm.musa.255	keep	keep		
mm.New.164	keep	keep		
mm.mald.053	keep	keep		
mm.domus.SC142	keep	keep		
mm.wiki.437	keep	keep		
mm.domus.EM103	keep	keep		
mm.musa.259	keep	keep		
mm.misc.078	keep	keep		
mm.hha.161	keep	keep		
mm.domus.SE197	keep	keep		
mm.wiki.042	keep	keep		
mm.domus.SW080	keep	keep		
mm.domus.SE551	keep	keep		
mm.domus.YH076	keep	keep		
mm.New.57	keep	keep		
mm.wiki.263	keep	keep		
mm.musa.265	keep	keep		
mm.misc.264	keep	keep		
mm.domus.SC061	keep	keep		
mm.hha.124	keep	keep		
mm.domus.SC005	keep	keep		
mm.wiki.362	keep	keep		
mm.wiki.217	keep	keep		
mm.aim.0713	keep	keep		
mm.domus.SE555	keep	keep		
mm.domus.WA054	keep	keep		
mm.musa.272	keep	keep		
mm.misc.156	keep	keep		
mm.musa.273	keep	keep		
mm.domus.SC249	keep	keep		
mm.domus.SW083	keep	keep		
mm.domus.SE494	keep	keep		
mm.mgs.352	keep	keep		
mm.domus.SE029	keep	keep		
mm.domus.SE595	keep	keep		
mm.mgs.329	keep	keep		
mm.aim.0724	keep	keep		
mm.domus.YH124	keep	keep		
mm.domus.SE534	keep	keep		
mm.domus.SE503	keep	keep		
mm.musa.277	keep	keep		
mm.misc.185	keep	keep		
mm.domus.WA075	keep	keep		
mm.fcm.197	keep	keep		
mm.hha.101	keep	keep		
mm.domus.NW084	keep	keep		
mm.ace.1266	keep	keep		
mm.wiki.405	keep	keep		
mm.fcm.202	keep	keep		
mm.wiki.136	keep	keep		
mm.musa.282	keep	keep		
mm.New.16	keep	keep		
mm.wiki.116	keep	keep		
mm.domus.SW196	keep	keep		
mm.misc.186	keep	keep		
mm.aim.0750	keep	keep		
mm.domus.SE287	keep	keep		
mm.musa.285	keep	keep		
mm.domus.SE584	keep	keep		
mm.aim.0754	keep	keep		
mm.fcm.204	keep	keep		
mm.domus.WA047	keep	keep		
mm.misc.052	keep	keep		
mm.New.158	keep	keep		
mm.domus.WA076	keep	keep		
mm.musa.286	keep	keep		
mm.domus.WA020	keep	keep		
mm.domus.SE212	keep	keep		
mm.ace.1277	keep	keep		
mm.hha.032	keep	keep		
mm.domus.SE247	keep	keep		
mm.domus.SE095	keep	keep		
mm.misc.111	keep	keep		
mm.wiki.137	keep	keep		
mm.domus.SW087	keep	keep		
mm.domus.YH027	keep	keep		
mm.domus.SE535	keep	keep		
mm.misc.081	keep	keep		
mm.domus.NW162	keep	keep		
mm.mgs.396	keep	keep		
mm.wiki.003	keep	keep		
mm.aim.0781	keep	keep		
mm.wiki.268	keep	keep		
mm.aim.0786	keep	keep		
mm.misc.043	keep	keep		
mm.hha.179	keep	keep		
mm.domus.SE261	keep	keep		
mm.domus.SE474	keep	keep		
mm.domus.SC259	keep	keep		
mm.mgs.289	keep	keep		
mm.hha.015	keep	keep		
mm.wiki.306	keep	keep		
mm.wiki.138	keep	keep		
mm.domus.YH170	keep	keep		
mm.domus.YH159	keep	keep		
mm.mald.132	keep	keep		
mm.ace.1209	keep	keep		
mm.domus.WA061	keep	keep		
mm.MDN.023	keep	keep		
mm.domus.YH087	keep	keep		
mm.domus.SE219	keep	keep		
mm.domus.EM045	keep	keep		
mm.fcm.214	keep	keep		
mm.hha.055	keep	keep		
mm.hha.149	keep	keep		
mm.wiki.004	keep	keep		
mm.aim.0812	keep	keep		
mm.domus.SE157	keep	keep		
mm.New.88	keep	keep		
mm.New.91	keep	keep		
mm.domus.EM068	keep	keep		
mm.domus.SE362	keep	keep		
mm.musa.294	keep	keep		
mm.nimc.025	keep	keep		
mm.domus.EM044	keep	keep		
mm.wiki.299	keep	keep		
mm.domus.NW195	keep	keep		
mm.misc.228	keep	keep		
mm.domus.SE432	keep	keep		
mm.aim.0440	keep	keep		
mm.domus.SE462	keep	keep		
mm.domus.SW129	keep	keep		
mm.domus.SW154	keep	keep		
mm.aim82NM.108	keep	keep		
mm.domus.SC185	keep	keep		
mm.domus.SC059	keep	keep		
mm.hha.194	keep	keep		
mm.domus.SE493	keep	keep		
mm.domus.SC260	keep	keep		
mm.domus.SW101	keep	keep		
mm.domus.WA024	keep	keep		
mm.domus.SC284	keep	keep		
mm.aim.0050	keep	keep		
mm.domus.NW166	keep	keep		
mm.misc.247	keep	keep		
mm.mgs.350	keep	keep		
mm.domus.SE431	keep	keep		
mm.musa.004	keep	keep		
mm.ace.1162	keep	keep		
mm.nimc.035	keep	keep		
mm.domus.SC190	keep	keep		
mm.hha.056	keep	keep		
mm.wiki.250	keep	keep		
mm.domus.SW126	keep	keep		
mm.domus.YH142	keep	keep		
mm.wiki.074	keep	keep		
mm.musa.307	keep	keep		
mm.misc.097	keep	keep		
mm.domus.SC306	keep	keep		
mm.wiki.044	keep	keep		
mm.domus.SE115	keep	keep		
mm.musa.310	keep	keep		
mm.domus.NW082	keep	keep		
mm.domus.YH144	keep	keep		
mm.musa.311	keep	keep		
mm.aim.0625	keep	keep		
mm.domus.SC246	keep	keep		
mm.hha.168	keep	keep		
mm.mgs.288	keep	keep		
mm.domus.SC191	keep	keep		
mm.domus.YH169	keep	keep		
mm.fcm.230	keep	keep		
mm.New.67	keep	keep		
mm.New.89	keep	keep		
mm.domus.YH115	keep	keep		
mm.musa.314	keep	keep		
mm.domus.SW190	keep	keep		
mm.fcm.232	keep	keep		
mm.domus.SW171	keep	keep		
mm.ace.1119	keep	keep		
mm.wiki.104	keep	keep		
mm.hha.098	keep	keep		
mm.misc.123	keep	keep		
mm.domus.NI020	keep	keep		
mm.domus.YH138	keep	keep		
mm.misc.124	keep	keep		
mm.musa.319	keep	keep		
mm.musa.320	keep	keep		
mm.ace.1211	keep	keep		
mm.fcm.235	keep	keep		
mm.aim.0925	keep	keep		
mm.domus.NW156	keep	keep		
mm.musa.326	keep	keep		
mm.domus.SC268	keep	keep		
mm.ace.1285	keep	keep		
mm.wiki.462	keep	keep		
mm.misc.197	keep	keep		
mm.mgs.384	keep	keep		
mm.domus.WM104	keep	keep		
mm.musa.328	keep	keep		
mm.hha.057	keep	keep		
mm.misc.154	keep	keep		
mm.domus.SE357	keep	keep		
mm.hha.049	keep	keep		
mm.aim.0941	keep	keep		
mm.wiki.429	keep	keep		
mm.domus.NW163	keep	keep		
mm.domus.SC307	keep	keep		
mm.domus.SC065	keep	keep		
mm.hha.010	keep	keep		
mm.wiki.016	keep	keep		
mm.domus.NW068	keep	keep		
mm.ace.1103	keep	keep		
mm.wiki.045	keep	keep		
mm.wiki.352	keep	keep		
mm.hha.105	keep	keep		
mm.aim.0951	keep	keep		
mm.ace.1122	keep	keep		
mm.musa.332	keep	keep		
mm.hha.128	keep	keep		
mm.domus.SE135	keep	keep		
mm.domus.SE352	keep	keep		
mm.wiki.300	keep	keep		
mm.domus.SC273	keep	keep		
mm.wiki.087	keep	keep		
mm.domus.NW189	keep	keep		
mm.domus.SC198	keep	keep		
mm.misc.107	update	update	https://twitter.com/Tate	https://www.facebook.com/tategallery
mm.ace.1136	keep	keep		
mm.musa.335	keep	keep		
mm.musa.340	keep	keep		
mm.musa.154	keep	keep		
mm.wiki.424	keep	keep		
mm.aim.0981	keep	keep		
mm.aim.0994	keep	keep		
mm.misc.149	keep	keep		
mm.misc.022	keep	keep		
mm.wiki.495	keep	keep		
mm.aim.1022	keep	keep		
mm.misc.010	keep	keep		
mm.aim.1040	keep	keep		
mm.ace.1123	keep	keep		
mm.aim.1068	keep	keep		
mm.aim.1071	keep	keep		
mm.hha.110	keep	keep		
mm.misc.005	keep	keep		
mm.aim.1080	keep	keep		
mm.aim.1089	keep	keep		
mm.aim.1095	keep	keep		
mm.domus.NE001	keep	keep		
mm.misc.194	keep	keep		
mm.New.131	keep	keep		
mm.wiki.014	keep	keep		
mm.domus.SC022	keep	keep		
mm.misc.032	keep	keep		
mm.New.121	keep	keep		
mm.domus.SC171	keep	keep		
mm.misc.070	keep	keep		
mm.misc.011	keep	keep		
mm.mgs.290	keep	keep		
mm.aim.1151	keep	keep		
mm.aim.1157	keep	keep		
mm.wiki.088	keep	keep		
mm.musa.345	keep	keep		
mm.domus.SW086	keep	keep		
mm.musa.346	keep	keep		
mm.musa.347	keep	keep		
mm.misc.083	keep	keep		
mm.misc.128	keep	keep		
mm.domus.SW112	keep	keep		
mm.wiki.005	keep	keep		
mm.New.107	keep	keep		
mm.domus.SC063	keep	keep		
mm.wiki.451	keep	keep		
mm.aim.1210	keep	keep		
mm.misc.099	keep	keep		
mm.wiki.212	keep	keep		
mm.ace.713	keep	keep		
mm.wiki.073	keep	keep		
mm.mgs.147	keep	keep		
mm.domus.YH105	keep	keep		
mm.musa.349	keep	keep		
mm.wiki.502	keep	keep		
mm.wiki.058	keep	keep		
mm.hha.102	keep	keep		
mm.aim.0227	keep	keep		
mm.wiki.203	keep	keep		
mm.domus.SW222	keep	keep		
mm.wiki.373	keep	keep		
mm.misc.048	keep	keep		
mm.musa.352	keep	keep		
mm.domus.SC226	keep	keep		
mm.domus.WA096	keep	keep		
mm.domus.YH010	keep	keep		
mm.domus.SE117	keep	keep		
mm.New.162	keep	keep		
mm.domus.SE598	keep	keep		
mm.fcm.254	keep	keep		
mm.mald.149	keep	keep		
mm.New.52	keep	keep		
mm.wiki.010	keep	keep		
mm.aim.1255	keep	keep		
mm.mald.155	keep	keep		
mm.musa.360	keep	keep		
mm.domus.YH108	keep	keep		
mm.hha.068	keep	keep		
mm.MDN.028	keep	keep		
mm.domus.SC266	keep	keep		
mm.fcm.257	keep	keep		
mm.misc.042	keep	keep		
mm.fcm.258	keep	keep		
mm.ace.1167	keep	keep		
mm.domus.SC217	keep	keep		
mm.mgs.296	keep	keep		
mm.mgs.295	keep	keep		
mm.aim.1274	keep	keep		
mm.ace.1299	keep	keep		
mm.musa.362	keep	keep		
mm.domus.WA037	keep	keep		
mm.musa.364	keep	keep		
mm.domus.SE398	keep	keep		
mm.musa.366	keep	keep		
mm.wiki.103	keep	keep		
mm.domus.SE561	keep	keep		
mm.domus.SE435	keep	keep		
mm.domus.SW145	keep	keep		
mm.domus.SW041	keep	keep		
mm.domus.WM019	keep	keep		
mm.domus.WM085	keep	keep		
mm.domus.SW146	keep	keep		
mm.wiki.019	keep	keep		
mm.domus.SE400	keep	keep		
mm.domus.NW067	keep	keep		
mm.wiki.147	keep	keep		
mm.wiki.487	keep	keep		
mm.wiki.323	keep	keep		
mm.wiki.446	keep	keep		
mm.New.142	keep	keep		
mm.aim82M.061	keep	keep		
mm.wiki.204	keep	keep		
mm.domus.SC272	keep	keep		
mm.domus.NW083	keep	keep		
mm.domus.SW002	keep	keep		
mm.New.150	keep	keep		
mm.domus.SE559	keep	keep		
mm.hha.059	keep	keep		
mm.domus.SW228	keep	keep		
mm.fcm.270	keep	keep		
mm.mgs.358	keep	keep		
mm.musa.367	keep	keep		
mm.aim.1309	keep	keep		
mm.New.45	keep	keep		
mm.aim.0317	keep	keep		
mm.domus.SC205	keep	keep		
mm.wiki.468	keep	keep		
mm.hha.111	keep	keep		
mm.wiki.494	keep	keep		
mm.hha.060	keep	keep		
mm.wiki.253	keep	keep		
mm.domus.SC019	keep	keep		
mm.wiki.314	keep	keep		
mm.wiki.427	keep	keep		
mm.wiki.334	keep	keep		
mm.domus.SE409	keep	keep		
mm.aim.1326	keep	keep		
mm.domus.SE592	keep	keep		
mm.hha.050	keep	keep		
mm.wiki.409	keep	keep		
mm.domus.SE567	keep	keep		
mm.domus.EM089	keep	keep		
mm.musa.390	keep	keep		
mm.domus.YH020	keep	keep		
mm.musa.391	keep	keep		
mm.domus.WM116	keep	keep		
mm.aim.1348	keep	keep		
mm.MDN.009	keep	keep		
mm.domus.SE411	keep	keep		
mm.domus.YH031	keep	keep		
mm.musa.397	keep	keep		
mm.New.125	keep	keep		
mm.New.130	keep	keep		
mm.fcm.032	keep	keep		
mm.aim82M.062	keep	keep		
mm.mald.024	keep	keep		
mm.domus.YH102	keep	keep		
mm.New.161	keep	keep		
mm.aim82NM.038	keep	keep		
mm.New.14	keep	keep		
mm.wiki.111	keep	keep		
mm.wiki.128	keep	keep		
mm.domus.SC247	keep	keep		
mm.fcm.150	keep	keep		
mm.misc.065	keep	keep		
mm.domus.EM108	keep	keep		
mm.musa.224	keep	keep		
mm.aim.0619	keep	keep		
mm.domus.YH110	keep	keep		
mm.mald.095	keep	keep		
mm.musa.283	keep	keep		
mm.New.29	keep	keep		
mm.hha.039	keep	keep		
mm.aim.0881	keep	keep		
mm.wiki.301	keep	keep		
mm.misc.008	keep	keep		
mm.aim.1111	keep	keep		
mm.wiki.269	keep	keep		
mm.mgs.371	keep	keep		
mm.mald.148	keep	keep		
mm.wiki.386	keep	keep		
mm.misc.231	keep	keep		
mm.musa.372	keep	keep		
mm.mald.159	keep	keep		
mm.domus.WA040	keep	keep		
